hashed_customer_id,final_risk_score,risk_tier,confidence,aggregation_method,n_contributing_nodes,score_bank,score_lending_app,score_insurer
f677301a535d76186e559196a96c59d9ec48b2c08263d1512c405e84b0da9460,0.0,LOW,0.33,weighted_average,1,,0.0,
0b7cc13d703365d9390423a63730295d15c9404d2654b50f8a063a2dfe9781e8,0.0,LOW,0.33,weighted_average,1,0.0,,
6df219487765a6fc8aa12423d240ccff820c5b93ce8b04248b1c58d619c0af85,0.715,HIGH,1.0,weighted_average,3,0.9,1.0,0.2
a2c032df0f9b5c8fa7efdebab712292e99d76070bdcc985e5afb1a672b5cb46c,0.3,MEDIUM,0.33,weighted_average,1,,,0.3
2cb0018e151b345165363bde37e8f58a33e6eca91406bbcf9c16a258c4527e28,0.06,LOW,1.0,weighted_average,3,0.0,0.0,0.2
383056df154d2d6100aa7b39829846f1b9c6d262abb9fbfcd13df5804173adbd,0.825,CRITICAL,1.0,weighted_average,3,1.0,0.30000000000000004,1.0
09dfb82f83963ef2c8415900231e11c15666bbe6fa10db7cfc35a791713d8661,0.0,LOW,0.33,weighted_average,1,0.0,,
1f743bd3819e573e17ff64b5b50e148a484721178cf482e635f395cb2a99ce65,0.69,HIGH,1.0,weighted_average,3,0.9,0.9,0.2
a74de8ead7c45b7720736c770048141e0c699a388cdd750b477741cc011da478,0.08,LOW,0.67,weighted_average,2,0.0,,0.2
5171e9822dd4b1cca15b6fd757893a231e62c8717e4d90de974b455726e5341e,0.0357,LOW,0.67,weighted_average,2,0.0,0.1,
4955369e5f087b73d4ad49d6b7f7f2d19cbb074f3ede9c6cae9152575c3c4155,0.085,LOW,1.0,weighted_average,3,0.0,0.1,0.2
bee35f8e1ac6242f3c12e0c794f8608bba9ed32ead270685ad134042a09e6e58,0.9455,CRITICAL,0.67,weighted_average,2,,1.0,0.9
5884275af9c91409304c404c6523e37abb5b543fa21b791f1d39dba16b3e6477,0.0357,LOW,0.67,weighted_average,2,0.0,0.1,
8a8789f9db66e1cf409d6e5d9a5e0e5103ed9493e4f1487dbd5c125161d76ee9,0.2,LOW,0.33,weighted_average,1,,,0.2
6eb0bd791b95af676ef2cc3cd9a8dcb4c83b6916167b38c13dbb9b2e8d82f6c5,0.0,LOW,0.67,weighted_average,2,0.0,0.0,
abec3c3a7a3282217f25a3d3520b0f6117108aa3d9ff38499c1ec9644cfa8afa,0.5,UNKNOWN,0.0,weighted_average,0,,,
ce9410875fa331a99bf5857015efdf7eb611b9aa3c6a1d0aa1ee3758e118088d,0.6364,HIGH,0.67,weighted_average,2,,0.2,1.0
6a6f80c9cb7ba4eb19f00cde36063a4dd2d1849c3286a599db9c64b466b4019c,0.0,LOW,0.33,weighted_average,1,0.0,,
feeebf84551a3ca8da3bad4cdb8e24e87da4ac902d90018b18c5ca9c576d41cb,0.0,LOW,0.33,weighted_average,1,0.0,,
d900a4acedec4bf951209473d02185b9d41e573e411af1adcc88c049c7e0eac6,0.35,MEDIUM,0.67,weighted_average,2,0.1,0.8,
1067535af16c5cb218ca9a717111f651b86282954a814cde8ce680cba61457ba,0.09,LOW,1.0,weighted_average,3,0.0,0.0,0.3
1781ba1f7bfa76c637449dd5a44f42d7c6fac617b673e74d24111090f578d036,0.105,LOW,1.0,weighted_average,3,0.1,0.0,0.2
b1c2c00a6b36d001cff101f1faef5514e216738637bb28ce07235911f5d941b0,0.2,LOW,0.33,weighted_average,1,,,0.2
1af5b28e8e6687d0116cd7ae31b242c22ac58c06a9aa6eca6b16a21c88525523,0.79,CRITICAL,1.0,weighted_average,3,1.0,1.0,0.3
78bd6cd3a7826dd6e45318c69616fa1b82028fb125f390bb08cd0ebc42fee476,0.13,LOW,1.0,weighted_average,3,0.1,0.1,0.2
c886c7b50950dde26bb2b7cad2f4b213c82280f5a0574cf699e140eaf6b33a21,0.08,LOW,0.67,weighted_average,2,0.0,,0.2
9c368a3b963be2d25a94fe6ef6affb13538d1c3a961adfbf7648aa55fc471d4b,0.08,LOW,0.67,weighted_average,2,0.0,,0.2
57bf536c58e73195e898ffeacbb7c8f4c3b87260098531f843751db11957e81d,0.0,LOW,0.33,weighted_average,1,,0.0,
a82ac41143304d226064a925d6295638dbc73920021ca636d574776d50718184,0.08,LOW,0.67,weighted_average,2,0.0,,0.2
1b29c7bc135b1fa7861104438a258665bd871282f0d4da224287f7c650edd246,0.555,HIGH,1.0,weighted_average,3,0.6000000000000001,0.9,0.2
c7347415765127ab83c12ea49fc89865f5772dd5b57d0620ab6eb16a19b32a95,0.0643,LOW,0.67,weighted_average,2,0.1,0.0,
cab1878779b7bc3006b41ab9e63a45d333788645abdf7ca0cddf507f7a51f0bb,1.0,CRITICAL,0.67,weighted_average,2,1.0,1.0,
d51b02b8a4402c44d70ae18885160294ac275e47e4593f26658787286eb09155,0.105,LOW,1.0,weighted_average,3,0.1,0.0,0.2
580e1293ff5e53d1adea0285d0c0dad15fccdbad291eac32c6d7b40f39272819,0.2,LOW,0.33,weighted_average,1,,,0.2
d637cb78362841278d4c96b235d68855f5d31e228699060b740f26bd2de79d2b,0.08,LOW,0.67,weighted_average,2,0.0,,0.2
0da8909f0cae30533111ced1d98a8ac9577696a8c47710b827632864a6ee8bdc,0.09,LOW,1.0,weighted_average,3,0.0,0.0,0.3
ea868c831122f21147871996e0a86b38800881655b6ef03d7bd95cade72efb4c,0.0,LOW,0.33,weighted_average,1,0.0,,
8d17c33e4651391707365c4235b38302b7bc51a624e8747825edcbd2c84b29ca,0.1545,LOW,0.67,weighted_average,2,,0.1,0.2
45a21a0dc6fb77ea43f5c0438a011f9e514b50993bbdbd1aeb921e89802d7750,0.0357,LOW,0.67,weighted_average,2,0.0,0.1,
9b8d3a7910daa693c501688ead7b71080b8542201ec5310ef99a920c03cdd8b0,0.13,LOW,1.0,weighted_average,3,0.1,0.1,0.2
429839babfee9ff9fadac242f8e209c63a061ecf40561816f8a71c1372cfa5f4,0.08,LOW,0.67,weighted_average,2,0.0,,0.2
eafcb752f31f67a7be6499ad0ed1d39f4b8b668dab8a3eb31495bf2a1a0b3702,0.0,LOW,0.67,weighted_average,2,0.0,0.0,
6a0575e39e4a7e11c953b54a8ecd77f8d309d455ad6d411c7f3b8f893e88f634,0.5,UNKNOWN,0.0,weighted_average,0,,,
006f1d6d12f17544f30a45fe95d01485ac16dda0c4525f3ddbc4fe032c7225ba,0.0,LOW,0.33,weighted_average,1,,0.0,
d57e4fef6d44d70f314da3ad6cec50e9dce84494a46321b8d834159e1b0c8b87,0.0,LOW,0.67,weighted_average,2,0.0,0.0,
dd8ca5d2f2d7296bb4a3079742f09bed04f034ecac2141ac09413e680dea1d53,0.1,LOW,0.33,weighted_average,1,,0.1,
cbbb04947aae9ec997d2c944b2e9f20bcd022fc359c52f0b51078ac554b213ab,0.1091,LOW,0.67,weighted_average,2,,0.0,0.2
0d939fc7e40713da654a40b41c6fa7b493892a79c6f7d89a63926f52d282e9d4,0.08,LOW,0.67,weighted_average,2,0.0,,0.2
eb3497b72bd1c4e9aa1edb56ec77876fb9f47f2aa47b132136188f77f4bfd085,0.5,UNKNOWN,0.0,weighted_average,0,,,
3f457bcab95c0a3bf245ff696e703af2b576286060bcbf8f611c3fc1854bf4c1,0.06,LOW,1.0,weighted_average,3,0.0,0.0,0.2
df14f7d206ec4a14cbc6279f9848ddecb1b77ec66a0d2f28cc37ad68e782b416,0.0,LOW,0.67,weighted_average,2,0.0,0.0,
413e6cd2c08697a46e5704ebf0705f589d07cd570c47befdaf6a673e6596c574,0.06,LOW,1.0,weighted_average,3,0.0,0.0,0.2
20e9e1eab23e2e4879a8d484cd89c52d11f3466a968ed71f64b0aa20f0be3aa3,0.1,LOW,0.67,weighted_average,2,0.1,0.1,
5e930563005bd7f130ee64664d1fef29ccc3e94a10d52846df231274e0da14dc,0.0643,LOW,0.67,weighted_average,2,0.1,0.0,
c2177070eaff469da83c667af63671e3cebf5b6e0660fed66319ea82ad907c5a,0.82,CRITICAL,1.0,weighted_average,3,1.0,1.0,0.4
20b9d1c11cf252554b69cee7761c8a7179308d80f636ff34e6392dcca84a55f5,0.1091,LOW,0.67,weighted_average,2,,0.0,0.2
8896428fed702851246f1e75d69bf06e074d1472c3927d88fdcd04fbc6745db9,0.0,LOW,0.33,weighted_average,1,0.0,,
323830cfbbc376cee1b9d208c2d0cc0ea9f1645f9407a1c4c6a5edd874bbeea6,0.95,CRITICAL,1.0,weighted_average,3,1.0,0.8,1.0
1f71639c7517cd7390c6382edc060cde0ba68120df6620d233b9d770e1502993,0.1091,LOW,0.67,weighted_average,2,,0.0,0.2
df5c3530463745590c3659d3cb34ac99d2cd90ab9683e34fae24a975113d2f82,0.12,LOW,0.67,weighted_average,2,0.0,,0.3
e31ec4b51dea8e4ec3ff8eec772f34012160cb277a2741b59c80243e3a68d86d,0.0,LOW,0.67,weighted_average,2,0.0,0.0,
f01cb04da13dd8b38a929bdf09370646ba30d6fe3ff6e60ba1961c63c3ce761d,0.1636,LOW,0.67,weighted_average,2,,0.0,0.3
c41cebd14b6275be7ce33cfff993a78ff21c936c3e1f663df06ab885747babb7,0.68,HIGH,0.67,weighted_average,2,1.0,,0.2
dd0254b57bd2198383ccfdc2acd56c07b1f1d8131d135287d19d34729985438f,0.06,LOW,1.0,weighted_average,3,0.0,0.0,0.2
d3fc1c407845a86ab226812d3b9a4210812f332f8f0157f383246cf54df39148,0.1,LOW,0.33,weighted_average,1,0.1,,
33e60978a6ddb0cd06987546f0fc3698a343474c5af1fb3445d4c97469d6fba4,0.0,LOW,0.67,weighted_average,2,0.0,0.0,
30c80c0f8c537724e5281890a8c0204175272d2cf503fe7324e80a65e7bcd060,0.0,LOW,0.33,weighted_average,1,,0.0,
938ef62882595003f5205a9ef02758eb17e0f950c3921d0e6d03249da9e7cb0f,0.0,LOW,0.33,weighted_average,1,,0.0,
ee0f57c4dc665b9cb74b7cb666c91b864f6297364b24d485a8a4f6f6a0ec8e8d,0.5,UNKNOWN,0.0,weighted_average,0,,,
551e02a6fa99686d018513064aea513178d32e1ecaf7ae51c9c65e92ca558809,0.5,UNKNOWN,0.0,weighted_average,0,,,
e3f1616dbaafe28caefb0a9c3de63ba3f7112fdc77419fc78f1531990a641e08,0.2,LOW,0.33,weighted_average,1,,,0.2
a919e0b676d34f8c56c1e664f621cc1c03f7476b2a2d6f8878916eb485662f6d,0.0357,LOW,0.67,weighted_average,2,0.0,0.1,
6ef349597e680fde9d4bfe931a11f89b513f9110f9e4d7b4fb92bb3f5c25b496,0.5786,HIGH,0.67,weighted_average,2,0.9,0.0,
3c40c15702347762d6c4ef5cfc0a0343069f98df55236abb0eea4d15001f951b,0.08,LOW,0.67,weighted_average,2,0.0,,0.2
74f974b4a05ad4a2b7b7d88e4e54d7497e017549a1f0774454418c2d0da74c52,0.0357,LOW,0.67,weighted_average,2,0.0,0.1,
bacd1106278614afced927b001d0694b2ad99ade5970b5961de1046e2b8e7566,0.0,LOW,0.67,weighted_average,2,0.0,0.0,
d17515ca38ea4b2228542bd41ffebfcd1c93dc01240f4b5b792cda97c37c6daa,0.0,LOW,0.33,weighted_average,1,0.0,,
c776b12973e6fb1752abde2feb39d8f1c2bc7f4ef768381307f0c96f0bbadfe7,0.06,LOW,1.0,weighted_average,3,0.0,0.0,0.2
8a7d032f99b4d1b89210bd413eb1fe966f6f50d70a70cb49341d97a3863df5f1,1.0,CRITICAL,0.33,weighted_average,1,1.0,,
687d2cee8da112db3f3a4a58a9572f426af1d8a1a84a910e6414a59f22a52d40,0.2786,MEDIUM,0.67,weighted_average,2,0.1,0.6000000000000001,
46701b44323dd4659563f320e3165c6c42063db2388cc402e833cb934459e94a,0.0,LOW,0.33,weighted_average,1,,0.0,
d03e340175c43ed08c86c71f4a5a4df3adfce6afbdebe3e069c346209b155eff,0.1091,LOW,0.67,weighted_average,2,,0.0,0.2
f25ca36dcb0166d4d9e9eaf82b23fd25c9dc4c8a849c334a731c14ede0f55086,1.0,CRITICAL,0.67,weighted_average,2,1.0,1.0,
d0fdaa8daa1b730ef774a45182842de90e3729b37230919481b8e4a4ccd3f87d,0.0,LOW,0.33,weighted_average,1,0.0,,
c6fd2bc9dc840d83a697a7b42143d692a952f62bf4a0654ca03bb35feeee7cf6,0.08,LOW,0.67,weighted_average,2,0.0,,0.2
2916567bbf77c8313128b5bb56e4e01a894b6bc638c8110a3b7eb0a48badff48,0.0,LOW,0.33,weighted_average,1,0.0,,
d8b8617c807163840efc4557188719e6f1ce95654c29f8d6c4c7492fdacf5747,0.45,MEDIUM,0.67,weighted_average,2,0.2,0.9,
5903fcef7f7c4ce91ef328afeb1b5f1bea12c568d26fc9aa97d3055a1aa81582,0.06,LOW,1.0,weighted_average,3,0.0,0.0,0.2
db2f11d6091c07c480a7277f1edcfe96f0cb95c35d8f3daa6b3ca02d2c614745,0.5,UNKNOWN,0.0,weighted_average,0,,,
b3482eea598f16a78d87e767c6e8a7708a38b12010a77b39f2c5d286829e5052,0.5,UNKNOWN,0.0,weighted_average,0,,,
f806282497c66537ce3ef97faa7d1c1f5d95debbf371d6217e9c79796107ccbd,0.06,LOW,1.0,weighted_average,3,0.0,0.0,0.2
6904ffff57b83fb90bed2f69f77220ad3b81fb78d471b52a9db567c10c9a37ae,0.1091,LOW,0.67,weighted_average,2,,0.0,0.2
71eb506ba8399d0297083baf21bf046f8da8dc2b94f5366d88634dacb24526c6,0.06,LOW,1.0,weighted_average,3,0.0,0.0,0.2
d6b7f767d7cd3a7e51e95497df4aa94cdd0153c780071ce7ce53c4b10f5ea4ab,0.0,LOW,0.33,weighted_average,1,,0.0,
c50c784216930892ac3ef10d9cefa734301046adfbe47808e9e863066c42e590,0.0,LOW,0.67,weighted_average,2,0.0,0.0,
16151d6862a9474a2d6822cf48a12c2e2386c39a365834adcbaca804b331649c,0.06,LOW,1.0,weighted_average,3,0.0,0.0,0.2
1808b25cd9c752cb673f07e6b22439079fa38cec157f386d8be10846a3276bf0,0.08,LOW,0.67,weighted_average,2,0.0,,0.2
85ca5cceeeec5ceb74b66f566dc7c3282e6a40a5b0afb529a2b556f34b453cc5,0.0,LOW,0.33,weighted_average,1,0.0,,
c7be774aadc54d09084e3b0c14f0bc60cce204dbdd5bf845fe5ce299ce6051b6,0.5,UNKNOWN,0.0,weighted_average,0,,,
97d98e3b7fc5f3127ea02b0235345fa26b068dc35845491d05f52be84aaf8a18,0.8643,CRITICAL,0.67,weighted_average,2,0.9,0.8,
45279b9af883c2f614b8a7bc7bb863771f389f6ccabb5094645f4a9c614af752,1.0,CRITICAL,0.67,weighted_average,2,1.0,1.0,
8706cbfb0618ca8fa065ba60fe4be040e5b2566cd96f7752e868aaa0b7182be6,0.9455,CRITICAL,0.67,weighted_average,2,,1.0,0.9
f91cdee17598c5b5423f0724de6c9dca133321a174c5027079021c9fb7751b15,0.0,LOW,1.0,weighted_average,3,0.0,0.0,0.0
b4fa11b4692bc4aef362d014bb6281ebbf19355444697a679381eefd181b17ea,0.9,CRITICAL,0.67,weighted_average,2,0.9,0.9,
6f5249e01ff224489b51d4665fafb266b602e6a6f686e0279068e31a04646953,0.775,CRITICAL,1.0,weighted_average,3,1.0,0.1,1.0
19c20df35d6155668fd647c0d2f62c04948f9e486f5352138ca46031604f5948,0.0357,LOW,0.67,weighted_average,2,0.0,0.1,
c808a971b2a6924a0fc174974994b7f64786e1c5a3c275b02663af16418fc0f5,0.1,LOW,0.67,weighted_average,2,0.1,0.1,
f6e6725b18ea7f28ce47ed8944a5f6f9f6eec2651b0f9f747edaea777bdf2d1e,0.045,LOW,1.0,weighted_average,3,0.1,0.0,0.0
bd93e6f046667501f799182e38e8069f68377bb7f91d0e67d0c5ef86bcfe585a,0.0,LOW,0.67,weighted_average,2,0.0,0.0,
6c50e5127de4378b8e9c6863641b5bb0dce42e8a24257bfa1fdc4cf30333843b,0.6,HIGH,0.67,weighted_average,2,1.0,,0.0
d89d4dad89ac35fc552474b7bdea9aad58959f97f7cdcb83fc13d1c3e56d276a,0.0357,LOW,0.67,weighted_average,2,0.0,0.1,
9ff7e3c5bc05b66f312bdf166327466750b051ad589efc0784af6d0126a6ca90,0.0,LOW,0.67,weighted_average,2,,0.0,0.0
dc72eef4baaf426bf7596bc8f44484854ce1d5d5eefe5466490863e1c203315e,0.0,LOW,0.67,weighted_average,2,0.0,,0.0
d14e00a8cb9a06045346d001f17d4fe96fa5e27e8a8ac5d2a6e2eee5001a5f71,0.0,LOW,1.0,weighted_average,3,0.0,0.0,0.0
a84cebccfdbd040f7d602b4326b1ca0d75cbd328e20ecd7b5f28fc6aa93bfb90,0.045,LOW,1.0,weighted_average,3,0.1,0.0,0.0
813bb2c220c17077b7658efb8aaf2a85b001823878b8d52b5098f0b18acd0c07,1.0,CRITICAL,0.33,weighted_average,1,1.0,,
64cc15e436c9120400002d151027d9d718f61f1321a002dfc7710a5c8270c9c3,0.0,LOW,0.67,weighted_average,2,0.0,0.0,
219b61488e2d57c131de4a6b6d646b112cff7a968b4bf99ae1b26aeb1d778f59,0.0,LOW,0.33,weighted_average,1,0.0,,
b9d1bdcd7d7b7cffa46a691ce986f9bbc6396ce192cd7a53907f7afaef2d6016,0.0,LOW,0.67,weighted_average,2,0.0,,0.0
dc55a993b8c61bbc5aab3d6def71ffe06dc2559f0057d9c43cc2c58d515c886b,0.0,LOW,0.67,weighted_average,2,,0.0,0.0
5738310ab8647909de75c6dd41ac6cd31c036881575ee9db1ac725704643a947,0.0,LOW,1.0,weighted_average,3,0.0,0.0,0.0
b822299ed4f1f07a9cd6c534eed19f6a0b1d491f9f7083350f312512a1044258,0.0,LOW,0.67,weighted_average,2,0.0,,0.0
9c7b88c518826c5c92e2fe82af33284c4fa214288728e48e0cf958159c24994d,0.0,LOW,0.67,weighted_average,2,0.0,0.0,
7ede2a767d98b17625ddccd0d82abc32a67dc6c57e36f23390c0b3c048c3abd9,0.0,LOW,0.67,weighted_average,2,0.0,,0.0
ac95c38b666b4c3203acc7c4ba0e6e86b1a436c1de2c7df5004967d1460d252f,0.0,LOW,0.67,weighted_average,2,0.0,,0.0
2a18263461506554fa183472b68fad473a1027c880c5c9435837413aece0d165,0.025,LOW,1.0,weighted_average,3,0.0,0.1,0.0
9adcbc7c7ef6eeb6c597e75739c26c86edf05458717469d5820c5b5894266623,0.1,LOW,0.33,weighted_average,1,,,0.1
41360688b1e5ad0426fd575fda0d9cd1426ec1c80e2f7964ba208e787c527001,0.0643,LOW,0.67,weighted_average,2,0.1,0.0,
1e094a04e76cdae6279dd789873d09d739a2665d602e061dbdee0797d7e42236,0.0,LOW,0.67,weighted_average,2,0.0,,0.0
83965cd78c5f0e689d2335e8ee3ed16030c787d9a57af55b0e7b3546c72bfc94,0.0,LOW,1.0,weighted_average,3,0.0,0.0,0.0
9634a20e50b3edb03c240e99933f69b5bf632b0216f8fcfd415b67b855e33298,0.0643,LOW,0.67,weighted_average,2,0.1,0.0,
a6ff3bf36bd4c3aea2c51ba4c4492de955911f54abbfd740b9739309d24c384f,1.0,CRITICAL,0.33,weighted_average,1,1.0,,
9fef69fe362268c7b0ea7c67d34b75e6a45b1e8ecdaf43f4b14215b6fa897f25,0.0,LOW,0.33,weighted_average,1,,0.0,
ce9cecaf21fa15a1226c68c6bf67bcf66012f50ba96949bb4853d3fd292abb66,0.0,LOW,0.67,weighted_average,2,0.0,0.0,
aea7029eb6b7d7ca9ead46e5085e770c2e68282d7d118f8cc1c73f22ca528a07,0.3818,MEDIUM,0.67,weighted_average,2,,0.0,0.7000000000000001
6a2b3018b4ddeaf8615d85a5d95add86ea7bfc2140423222a2e400c20721ae5d,0.0,LOW,0.33,weighted_average,1,,,0.0
d05a712d45c23133410d96aeb45ce849cc42215994fced0411f975b08f82216b,0.945,CRITICAL,1.0,weighted_average,3,1.0,0.9,0.9
994e6e4094fa2477bb3fd7958485f6a2ffc09a1c2cf1514a5ec833314436011f,0.1,LOW,0.33,weighted_average,1,,,0.1
e68c31e080d972ce916f99848da262ec6d5ac6442b030bc495651d820bf04243,0.0,LOW,0.67,weighted_average,2,0.0,0.0,
91facc841a358511f92e2f5fad40d1858ce7be10e3be23adc89182a48ec2eeae,0.045,LOW,1.0,weighted_average,3,0.1,0.0,0.0
f11af92771f3e4abd8e48d93d45f20d51c7c0aa35660d7d3bce0991876069243,0.03,LOW,1.0,weighted_average,3,0.0,0.0,0.1
81b0f54712f8908005ecbd9ee105e24dedfb02b99cbd2a8ce08b5061478b3c09,0.5,UNKNOWN,0.0,weighted_average,0,,,
95f47775ba8785ad57df5f3f03cf243d722bfaa9a269bdab447f3a9597513cb5,0.88,CRITICAL,0.67,weighted_average,2,1.0,,0.7000000000000001
8dcf7f245de9c53cbeed874da0d4ebfeecb06be6b71e2a262b15b3d32b66c87f,0.2,LOW,0.33,weighted_average,1,0.2,,
3caec7fb50a41ed8f364db2ace537c2eacc299291267e17d999439fa78225ce0,0.0,LOW,0.33,weighted_average,1,,,0.0
9c36acb87d934d8bd75d49d8f36a52295ce39efaa4901ea93c5b01313d74c97a,0.0,LOW,0.67,weighted_average,2,0.0,,0.0
58f4071618d7afa9d02d020e16ca7bec489797784441418c0ed7a925e0f9bd21,0.03,LOW,1.0,weighted_average,3,0.0,0.0,0.1
2acb792ad900a05822a4cdbfce279aae5eccb989149a7325ab17d0821459dca1,0.0,LOW,0.33,weighted_average,1,0.0,,
31bd278ddfd22128460f8d752f444dd03bd2c4ec6b2d2e921b13e630d0fe1526,0.03,LOW,1.0,weighted_average,3,0.0,0.0,0.1
198a46746e170748d79f39ccf65b41c9268c461301b858914accbfcf130f2859,0.0,LOW,0.67,weighted_average,2,0.0,0.0,
048ffc66456be58d7a0425233d12f924ea83aeb3fe6a04e667e64bfa8fa8eb11,0.675,HIGH,1.0,weighted_average,3,1.0,0.9,0.0
7f276d018d26ced67537be1ebf319cfb748ccf4d6824ec2ed116a9d5c6292f5b,1.0,CRITICAL,0.33,weighted_average,1,,1.0,
4b64d34fad88396ea5a6f2e98d69cc0897770261a7fd1dbeee7f7f4fb5e5ceab,0.055,LOW,1.0,weighted_average,3,0.0,0.1,0.1
b1809b6c0f1c74192befc05b8c6016b324793b9ff1b19a43eb76e687b241aeb5,0.705,HIGH,1.0,weighted_average,3,1.0,0.9,0.1
1cd142ac183093961863aedcabcaf11ec0e004f352950c0baa67a61925eb6952,0.0,LOW,0.67,weighted_average,2,0.0,0.0,
93edf3adcaa212189ce56c9a499c377d2562b844e2815b3dd48a67ee4dbd21e3,0.9,CRITICAL,0.33,weighted_average,1,,0.9,
4426940ec6db635ac94ce9a2353b588f43adb7bfdac64b2f03b1432dd4383c64,0.0,LOW,0.33,weighted_average,1,,,0.0
dfbc5a7a0938724e2a901ec2baa27e57896c16505b605496127bd89db750267a,0.4214,MEDIUM,0.67,weighted_average,2,0.1,1.0,
4dbd52063245059be9c64668c9a6af482ebc4b1123fc4576680fa271f4278fda,0.5,UNKNOWN,0.0,weighted_average,0,,,
d19986a5ca841552b55990a55444ff4a9227c60b483917e1712faec7ef7faf6d,0.0,LOW,0.33,weighted_average,1,0.0,,
6da093120d83cf431fd400fd38f3c3ef6833e01eb51d96b183b9e2a3949db6f2,0.0,LOW,0.67,weighted_average,2,0.0,0.0,
71a2f9b0d93e106464b3cf752d132a391dc3cd2183a22f1754d9a247c35ecf4a,0.9286,CRITICAL,0.67,weighted_average,2,1.0,0.8,
096695ff33a0d0e726a27cfb324ed27e40a5667cfd67fb796c1bcd6488007e5f,0.0,LOW,0.67,weighted_average,2,,0.0,0.0
1c463e7455c3c0182f207bf1330e669039bfb380d7d68cf693e27f01fabe14c9,0.0,LOW,0.67,weighted_average,2,0.0,0.0,
93f5a2086a48e995055ee34990d01183709c7aba1ba1d807ce896694438cada9,0.0,LOW,0.33,weighted_average,1,0.0,,
ac230d159e2a5a5e06cebf9e6584a6220e616b2d27237d1f982d52c9b0ce9f63,0.025,LOW,1.0,weighted_average,3,0.0,0.1,0.0
de6fdb144186655d300d4426ffa11550a49fc2b6b17c70fef28c5b8689f9e585,0.18,LOW,0.67,weighted_average,2,0.30000000000000004,,0.0
a7510e4b6a5b5495b68da2185d3b3b874b5d736b77f9e65f6a0532b22c818251,0.0455,LOW,0.67,weighted_average,2,,0.1,0.0
4bc554ab0a2000b9dd01c700e2a20897f8fb2a09fcc1b52e1df1e1f08c8d997b,0.045,LOW,1.0,weighted_average,3,0.1,0.0,0.0
c524ae56fbc0c78409187cc081620ddd5f6c67d587d11e805d492f33edd9a0fa,0.2,LOW,0.33,weighted_average,1,,,0.2
cfe16ca67790c17f045192993fab67fb3f3b4c85782e731916b2fd5a413af9ec,0.06,LOW,0.67,weighted_average,2,0.1,,0.0
b210fa558431e903aadad745da2f0aa79db968f6d09b22fc2d6821dcfc9f4f61,1.0,CRITICAL,0.33,weighted_average,1,1.0,,
f545dbf1dbb4173f7aba711923731b49729f10039719909310e9e2d49ff33290,0.0,LOW,0.67,weighted_average,2,0.0,0.0,
cd952f86fc9c0578bd219051bfe5164eb0291b66669c02948cf2e8b9f9434330,0.9,CRITICAL,0.67,weighted_average,2,0.9,0.9,
ccd90ef4bd8f1d92098f08edb800829030ef633680e89bf317454e00f7d004b7,0.06,LOW,0.67,weighted_average,2,0.1,,0.0
870bf7b110191673acbfee76769068a558bb1c346c3b0b080b880834ce3b6367,0.0,LOW,0.33,weighted_average,1,0.0,,
0b10e91996d9c86e23295335b2b4b0de8fd83dc05bf03bb0dd07cbe2809d9def,0.0,LOW,1.0,weighted_average,3,0.0,0.0,0.0
2f2f688c3f47a2831542953147c0b9f6aaf241d109aa75e6cb40185e29f83b13,0.9,CRITICAL,0.33,weighted_average,1,0.9,,
3359c6ce392ce9e6b0968e1cc2510cd08f6f3b2a9fbf355c8f955122e9c35584,0.9643,CRITICAL,0.67,weighted_average,2,1.0,0.9,
e1b7114679ef4b89e66ad536e11ce2ee7018b61ceb89ae3ba2bb8b695b8b7119,0.12,LOW,0.67,weighted_average,2,0.2,,0.0
6cc369424be7ff7cc0c6bd90da70594b9e3786155ea9fa2ee4850418202896a4,0.025,LOW,1.0,weighted_average,3,0.0,0.1,0.0
ed263c21cdda982eb5afe7fe461571d34c24ee5b410b19bff3e18c717b38219b,1.0,CRITICAL,0.67,weighted_average,2,1.0,1.0,
a1c0c47c81cf77f784cd8013cd1f8f4fa5ebd57a449666b26315cdfeca0d6768,0.0,LOW,0.67,weighted_average,2,0.0,,0.0
7be1e87e9ffaf61dc1da1e89aba808fe08efee528a533318dcc109e993d480ce,0.0,LOW,0.33,weighted_average,1,0.0,,
fbc1efa8dc8eb8e53116c74070c586c9d0f4c6a8d46eaba343c43c155e8536a6,0.0,LOW,0.33,weighted_average,1,0.0,,
56d84c3fb1ac2aaacaa4c982f5184fe93c22e9465f49960b90bd6ffba9de0712,0.495,MEDIUM,1.0,weighted_average,3,0.6000000000000001,0.9,0.0
b375fd5fe975435bf1c9dea90281dbe20440bf08533334725344be7eb8107e00,0.0,LOW,0.67,weighted_average,2,0.0,,0.0
32d27cf80fd003b1a91d5b70902e87da43f1404336927210612635440a868093,0.0,LOW,0.67,weighted_average,2,0.0,,0.0
3d28e46bcf75e0adb6fdecf1c673c8cc409949bd799c77d212015ad8f369d13a,0.06,LOW,0.67,weighted_average,2,0.1,,0.0
1c2b7773785e843436d2eced07ffcacbc4c6690a0d57ed72b7b349e0c685eac2,0.0,LOW,0.67,weighted_average,2,,0.0,0.0
d53c9382a9a937dd4cce20b6ab6489e396f9348fb11431a54cf8801553d496f9,0.58,HIGH,0.67,weighted_average,2,0.9,,0.1
90d7cfc67b8eca0056794df223138db5b8835baf9c2821282fba1e4a0528e274,0.0,LOW,0.67,weighted_average,2,0.0,,0.0
ceb91bb92c0fd29ad24bdfd64f9a0099025e674242118e19fb6d3e89485c863d,0.03,LOW,1.0,weighted_average,3,0.0,0.0,0.1
e16d0825c2e2867d4645f0bef203cd2a195bc3576b46b796a5df3a7dfe445617,0.025,LOW,1.0,weighted_average,3,0.0,0.1,0.0
f986b6abb86601cfb0b548521b82343757af863ab417d9f70e53c7a898fbf002,0.0,LOW,0.33,weighted_average,1,0.0,,
5a179efa699037e46be807408c24ed65bbb6d771422c9266889ed832c8d42796,0.0,LOW,1.0,weighted_average,3,0.0,0.0,0.0
9c358da304dd6750a5c4a5e173f8e20c2347be26188a6c2a713d46b623067fd3,0.25,MEDIUM,1.0,weighted_average,3,0.2,0.4,0.2
316b2c146c78ed765d5f352b4b84fb73c874280e35a3cc626c91d2b93d6be049,0.9643,CRITICAL,0.67,weighted_average,2,1.0,0.9,
799f75a819d0f9cb553a7205f57ec63839678238646df9225ac327b5cab6f770,0.0,LOW,0.33,weighted_average,1,0.0,,
7241700891336b9cb37daae6ffb9c561d103add3df76e0a00bfad74203071a99,0.0,LOW,0.33,weighted_average,1,,,0.0
2000742ebee1694ff6642b4d0cfc16d0fc9fa21d6379d53c876e4b5ec285bf0e,0.9286,CRITICAL,0.67,weighted_average,2,1.0,0.8,
5171eeaef7c3ad22b7e8c7f0cf4924f718d97bcb98b168350c76b01325ec55c1,0.1364,LOW,0.67,weighted_average,2,,0.30000000000000004,0.0
13b43df0251e2eb9b99c9ce9ab6aec9e58302b0eacb556ee513a96eddeb52af2,0.095,LOW,1.0,weighted_average,3,0.1,0.2,0.0
3ab718078509ec79dcec6eae2188b22c7909e005e0edce35b74415cb18dc2e53,0.1,LOW,0.33,weighted_average,1,0.1,,
f9c3183bfb484909e413eef4a5f46f9f59d6c741bbbc37d6705725fd70d26dab,0.0,LOW,0.33,weighted_average,1,0.0,,
1dfeebe4021f9f478685f787a012e4e6bf01fff5046bd196085f77dbd1b03680,0.0,LOW,0.67,weighted_average,2,0.0,0.0,
3dfb18ca904a1c2a9ed5f840c7febc189aa466705720e9d5c439fd5618842a08,0.06,LOW,0.67,weighted_average,2,0.1,,0.0
015b62bd411b5f60a9a42167cc0f461c340ee9e08373e145b5a5fb0d7bcde8db,0.545,HIGH,1.0,weighted_average,3,0.9,0.2,0.30000000000000004
c7a77369a4ba09a505b6ec1a4c6cc1bf3fa1a2e3cb9f8a75ebad20bc557b25cb,0.1,LOW,0.33,weighted_average,1,0.1,,
8f55840a771c81ed46d849098e51975508d5125a9a0a4c53bae1b391ee53c0d7,0.1,LOW,0.67,weighted_average,2,0.1,,0.1
4375c6fd247b4611753bba8efef8a8baaad0617183b98609aa88a439e42ef8fa,0.055,LOW,1.0,weighted_average,3,0.0,0.1,0.1
1dc204d832aec2c1f2f1c99a91bb68076da501cb7925bf917eb290464abb49fe,0.1,LOW,0.33,weighted_average,1,0.1,,
d085485a7113c1c83341b14a1a46dadad2aaf07863df5a6a2a26058fc86fd3ef,0.0,LOW,0.33,weighted_average,1,,,0.0
88afc19ad20adc93a803ed97cc68af036f1b972bf787099fefaa64350937b25b,0.0,LOW,0.33,weighted_average,1,,,0.0
4f2a7b63518bdb52daf39064eae1bb66ef4d3873b7bc86de554952617c7299f1,0.0357,LOW,0.67,weighted_average,2,0.0,0.1,
49e9073f6acd68fef8438cef0923e17854fee83adf6e6c49bd0c309e9776ac12,0.0,LOW,0.67,weighted_average,2,,0.0,0.0
da245d5295bffcc0dc29e37090cee128cd919789aadbd726422412430c89c19b,0.0,LOW,0.67,weighted_average,2,0.0,,0.0
f8451d620ae8a2f0bc2d84cc2d7d290d6a0edd8325c8a0a8c13845e0a1057e9c,0.0,LOW,0.67,weighted_average,2,0.0,,0.0
6133518aaafdaee5d430dbfaad1c71a3348af57c4ad1111cceddee2ccf052b1a,0.1,LOW,0.67,weighted_average,2,0.1,,0.1
26af5f820948f2f6e67705605a543ace7c586fb976e46ed0e011560b89b7f2dd,0.5,UNKNOWN,0.0,weighted_average,0,,,
2f4c5978f2756a07c6fac835e0baa95e65d10e089d89f04b6f04b497886eb7f3,0.0,LOW,0.67,weighted_average,2,,0.0,0.0
d21d247467d99be27530a5d6c9373ff841a7120e43468f069cc6c8d30e787385,0.0,LOW,0.67,weighted_average,2,0.0,0.0,
2dcd9b78cca47d5569802807a05a0fe7075710f10c03894f6e99413719079527,0.1,LOW,0.67,weighted_average,2,0.1,0.1,
0bfc700baf8c9d3787a6785b5324031efd18b5573751ff0575afdf1146df74f6,0.9,CRITICAL,0.33,weighted_average,1,0.9,,
c7748db056bd4a27972846fc298f393f875c91b03ae8e9ece6698df618d71b12,0.0,LOW,0.67,weighted_average,2,0.0,0.0,
2820fd419982db1b33a0cadcfb56c7a09909f4e9ebca17dc688ef1b44cf91bbe,0.0,LOW,0.67,weighted_average,2,0.0,,0.0
a1122ccce174c25c5a1feb1fbb4f334584a70478060e0408a71b8313eb052865,0.06,LOW,0.67,weighted_average,2,0.1,,0.0
b77b36a1c67853e94c97e3a5c570b4c7f73598d7292406edb7b1ad809ce000db,0.0,LOW,1.0,weighted_average,3,0.0,0.0,0.0
0218b1d746f82aebb2c89e86d4bc4c64a03b35ba11f1938b608641bbc25584ab,0.1,LOW,0.33,weighted_average,1,0.1,,
8960ecc72ca165ea3734710d13cfe11629b69e2d125bbbaa14f881ef636771c6,0.0,LOW,0.67,weighted_average,2,0.0,,0.0
978756ffcc6508d0af9597aae1b53005778f0548ac13975e2b888405812f7719,0.0,LOW,1.0,weighted_average,3,0.0,0.0,0.0
e2ba98e4481e33aa91130375c7066ec296b299597122b53a2e31c5fb5fea7b7e,0.0,LOW,1.0,weighted_average,3,0.0,0.0,0.0
c429c1736cf3298fda186539839d312f96a021876d4f8204a0df39c009f86463,0.9357,CRITICAL,0.67,weighted_average,2,0.9,1.0,
3305e3023baaba1f008e4677065bde4364646c4cefe7ff1a7c24b8abe1f4ba34,0.0,LOW,1.0,weighted_average,3,0.0,0.0,0.0
e38ee7427f0a38ff850301cfb16bb185aac39284be832356164cb0f95c945ac4,0.9643,CRITICAL,0.67,weighted_average,2,1.0,0.9,
033d80a323cd7b595d47ca0b84841fed17b0632d5d2330c6a3ac94966f248d5a,0.0,LOW,0.33,weighted_average,1,0.0,,
981eb967c19baf50b4b85a9b79ac9e0a971ea769cf9c3990d041ad5913b0462d,0.0,LOW,0.67,weighted_average,2,,0.0,0.0
2b8a450a582ee49a84098e0b0884f255f0844b9d0324594f3bc3d73cad83e20b,0.0,LOW,0.67,weighted_average,2,0.0,,0.0
ee0db56e203dd663e190346bed7da1bab173aed92c03dae6fdb2e09792144542,0.0,LOW,0.33,weighted_average,1,,0.0,
6362f0c9775f40d087214be1b2ac988e94d2a1fa1b5f236bb0a458a305972868,0.5,UNKNOWN,0.0,weighted_average,0,,,
ec2a45b76dd00bde0fe4a4160d3d79e3b6122b131c0495b22dac6457ed8f5dd7,0.0,LOW,0.33,weighted_average,1,,0.0,
a56a8fe95ad5ae5f4274f94dc26bd0d90e2beb46d9c9981dbfc4206d64817819,0.04,LOW,0.67,weighted_average,2,0.0,,0.1
3129aeac4c7640042425ff25cadec3e4dffe20171d609ba4af27d9da11c8c0f8,0.0,LOW,0.67,weighted_average,2,0.0,0.0,
b512f5c164ea7108345f3867f2f3e6775b9149d254d093e09dc0e9d29b26e087,0.5,UNKNOWN,0.0,weighted_average,0,,,
8f129e334488d36c86ce02dae3dce5dbb7b867ab260544b2ad31e3c257c66792,0.45,MEDIUM,0.67,weighted_average,2,0.2,0.9,
05932f83ae4ae2eee90aabbbc5f2818e538b93e0f9d6cfe729f700e47ebf7704,1.0,CRITICAL,0.33,weighted_average,1,1.0,,
2efb7c76c10398a34801c86572729577a88750dbc24bfeafffbfbae3f12aa386,0.0,LOW,0.67,weighted_average,2,0.0,,0.0
6e68142e38db0fad6ecb14022617199dbdc792f7b1355c91b944e2b65b4b9657,0.1,LOW,0.33,weighted_average,1,,0.1,
af04f457df6b756d532c0a8084d1ca1747105094849b0d935eec2c6341a747c0,0.0,LOW,0.33,weighted_average,1,,0.0,
31d6538b9042902167fb125608738167b2f48e1ea67d0ed2e0c478c46fb33e6c,0.1,LOW,0.33,weighted_average,1,0.1,,
1f2be7f75b7e265125c171f824e6efc94748ab14dd55b5b70a81208537ef7136,0.4636,MEDIUM,0.67,weighted_average,2,,0.9,0.1
28b00ef259c83903e7e1347bb9fd405cbadbf3559d3f7af8e1c09079a0128538,1.0,CRITICAL,1.0,weighted_average,3,1.0,1.0,1.0
a0df3070af55754e5400e37537485d2bfe1d62b1e5d0aa32997b4c1d7d077a6b,0.0,LOW,0.67,weighted_average,2,0.0,0.0,
547a27938bc1ad6dfc53418b32bac5c8bca02685c8327b5cf0eccb44b6db580e,0.0,LOW,0.67,weighted_average,2,0.0,0.0,
d9a37e8ef0bd2eda22e5104282bf023296cbd8a6a5b1f102a38ef2ed64ec94f0,0.0,LOW,0.67,weighted_average,2,0.0,0.0,
a80d0987acf5a17b78a14d58b0fe3cd321dba1041db3c2983706358bd3acfb47,0.6,HIGH,0.67,weighted_average,2,1.0,,0.0
55b75b0c6a81288bf40f28127640291f9f298f9d7418686fbbea607189333f3a,0.06,LOW,0.67,weighted_average,2,0.1,,0.0
f4d03e13a672391bf6f4dbd03e109314d4a1037a11d86c19826a0663367e8387,0.0,LOW,0.67,weighted_average,2,,0.0,0.0
7c17f600273bebc7632ea946bf1c9cc0d5aef54b2e330c8bd4a19e34259edc4c,0.4636,MEDIUM,0.67,weighted_average,2,,0.9,0.1
bf629e97a3e7b69c3004c566dc258478e653f3c24c12a7204e0945210e0dfe6b,0.0,LOW,0.67,weighted_average,2,0.0,,0.0
fb14e7e14f598c409760e8036a4a259ceeeb2b2317a09f0eac469671de8e23f0,0.0,LOW,0.67,weighted_average,2,0.0,,0.0
63749fbd6b8e44571676bf9479fdec6914c54ccf7d5ce9b8317c6ab1ddd84fa7,0.8571,CRITICAL,0.67,weighted_average,2,1.0,0.6000000000000001,
63c57e0c3a6e25d88c9ba1454305e88bd12494333d27cb5479bdc734de95efa2,0.0,LOW,1.0,weighted_average,3,0.0,0.0,0.0
1020301a7db78e75b5d0593d1991aef3f49fb17fb1f2b1d57a92dd5fd852784f,0.045,LOW,1.0,weighted_average,3,0.1,0.0,0.0
68529d1c7912b8e8c16468645ef127d145d9797d99c447c1322432b32199d408,0.9286,CRITICAL,0.67,weighted_average,2,1.0,0.8,
a76c477ca396dd31be07ae6f2e0bbdb3f78381c9948b570626ba416019aa4095,0.0,LOW,0.67,weighted_average,2,0.0,,0.0
2e3b76a633fc93e521c2bcda13f71877193359fce7145cc4e8d295fa47ce1168,0.0357,LOW,0.67,weighted_average,2,0.0,0.1,
5fda699cea327db244060d59c5307e7a44e632f9ea650eafcaa42eebb51fad3e,0.0,LOW,1.0,weighted_average,3,0.0,0.0,0.0
b507e2bce2559ff648f3a443601f4402edd21b961f0a6bdf532b115b0d668fc1,0.045,LOW,1.0,weighted_average,3,0.1,0.0,0.0
f6cffa2176405d23e90c559043c589583af8d008028f26bee74f5c23c1edcd63,0.0,LOW,0.67,weighted_average,2,0.0,0.0,
13ee37c172b1dc5e071dfca49c81a25193507afde37a7383e1eadb5f44ecf690,0.0,LOW,0.33,weighted_average,1,,0.0,
3f817b19f31596eb3e0e894d6d2e99b6034a19a25dbd84c73037b93ce31aa441,0.0,LOW,1.0,weighted_average,3,0.0,0.0,0.0
e9c8d4cf6edadb6c263ca61062b19dd51e3f57adf12e021bf6cccee639b7e3a1,0.0,LOW,0.33,weighted_average,1,0.0,,
99fc1d63bf3979f2765c5ad2ba25f00d5038cb19807d6c7efcd05ad35e71d2fd,0.63,HIGH,1.0,weighted_average,3,0.9,0.9,0.0
6f47d1b0bcbd2162861e062422178b59f518bc675f829bf0886c5bfe16b55564,0.03,LOW,1.0,weighted_average,3,0.0,0.0,0.1
6aa8eaada47bd32caceaacad7052645a04de38176195921167214dd460e618d8,0.0,LOW,0.67,weighted_average,2,0.0,,0.0
cf0df07afeb8f700f7e36166c3d8acebd60e78954257b60ec7cd1f16d492ab5e,0.0,LOW,0.67,weighted_average,2,0.0,0.0,
c9a8cb73475ffa0b5bc5a16d24e77ee003a51857a62129cb7f4e7b7e3fefa12b,0.1,LOW,0.33,weighted_average,1,,0.1,
0510a2ef3066959948bc1d49e995fe59fbd3d030d82df1d6a2fc5cb7b9bb5c2c,1.0,CRITICAL,0.33,weighted_average,1,1.0,,
8d49f4ed56c8a1a0a3629db25ca397764adbdce422beb01e774f92b5912a3ee5,0.3,MEDIUM,0.33,weighted_average,1,,0.30000000000000004,
4901c279b3b154c5a61d2c2a7d14ea9645268c08ecc891574fb2b57e5c3190a9,0.0,LOW,0.33,weighted_average,1,0.0,,
f26ee75578eee0ced929f9ed7318d526ac831340d95242b4100418b9220ffc24,0.0,LOW,0.33,weighted_average,1,,,0.0
038de55ec6f2716734e8aa870f707b333a7cff2d0cc283c03bf2aa935e26d185,0.0545,LOW,0.67,weighted_average,2,,0.0,0.1
b45ec407351fb6bc4c668e4655ffc9afdb58a39c9d0ad6e3f8fa56ac8c679f09,0.0,LOW,0.33,weighted_average,1,0.0,,
38107cca63b1f9c557bde7010b6ebbe33705e200097a998a12b4bb3ca4263249,0.5,UNKNOWN,0.0,weighted_average,0,,,
bba9b489da9e2c9dc610996f2aa8da4ec3f030ffc8783ea21f00060f65e1b2ed,0.0,LOW,0.33,weighted_average,1,,0.0,
77ba76c2fd623f594d09552e00044ac2a6453275e0005a90f8dbc7f44e247cae,0.045,LOW,1.0,weighted_average,3,0.1,0.0,0.0
57da17adc0509372df591915b4b2305231e02c8045fc0de09d9ad9a91137de13,0.1,LOW,0.33,weighted_average,1,,0.1,
1274a67e95b9584e05ee30dfb9bea56251bc3ecf7495069dcc4dc31b14c956b6,0.0,LOW,0.67,weighted_average,2,0.0,0.0,
0a8d9491445b8b9acec4bf82f7af352deea51c5dd948291d5dd879b2c7f00d02,0.0,LOW,0.33,weighted_average,1,0.0,,
a10c536622f98281ca8e4710a256fac77f427515b587f47eb0278b28247c730b,0.0,LOW,1.0,weighted_average,3,0.0,0.0,0.0
15862dad0f7b86699d75da9f269963d28a1bcef199350505e782afec45a84564,0.0,LOW,0.67,weighted_average,2,0.0,0.0,
fe436b203563d8580328a0d03b361c277c13337a487562e39fcfb12d98e8cde6,0.9643,CRITICAL,0.67,weighted_average,2,1.0,0.9,
7e2e8a77400822edbb4e06cba1aa745ce0cb8b121fc5edb3fc74046432312b4e,0.0643,LOW,0.67,weighted_average,2,0.1,0.0,
2587addf16348a53a9316af64d9af83f71327eaa203f3379a56b550b0542dd35,0.045,LOW,1.0,weighted_average,3,0.1,0.0,0.0
0163a0aa1a47ee220ad7c18ef2f99bf07e475091c828f827e7d3c33b751e614b,0.24,LOW,1.0,weighted_average,3,0.2,0.6000000000000001,0.0
564753c8a8c0fae4254dd59e32e828dda2b41773b602e71197349026e96b3f6e,0.79,CRITICAL,1.0,weighted_average,3,1.0,1.0,0.30000000000000004
72453158102ec66eac42ed9a1549fb23d9dcef7429e9cbc9d3e03b39cef49216,0.045,LOW,1.0,weighted_average,3,0.1,0.0,0.0
1027f763fbf3d8e9362796e5353c5444984731b905431e8ac5b39b74b5b933a6,0.36,MEDIUM,0.67,weighted_average,2,0.0,,0.9
83d0a19b1b6106638e151962ca7730f27a118d5850acc9aa15d3db29dbc4c27d,0.0,LOW,0.33,weighted_average,1,0.0,,
0bcc4ef22cd462cd0c32105647d28732d5a14350d3f3bc5d09bf2999920411ea,0.1,LOW,0.67,weighted_average,2,0.1,,0.1
d41bfb37bbe527a56cea1fceeb2ad8cdccccf86f680cbfbf48c62508aae89dd8,0.03,LOW,1.0,weighted_average,3,0.0,0.0,0.1
f21374138165a39c9f59ff6663feb9c2a63027ba3c510d16d6113ecfb6fe6970,0.5,UNKNOWN,0.0,weighted_average,0,,,
f99e2f9a834fb0e794c9babb8f762fa349491d6127b1e538120485c8393acd2a,0.0,LOW,1.0,weighted_average,3,0.0,0.0,0.0
e7a6be83ac9f448cc60f925ec8017909ea78df84dee2396149d9a0c3afabdd56,1.0,CRITICAL,0.33,weighted_average,1,1.0,,
84ac1ecc42a301f134e9a851a8bb8710ab620cc9b708c92a8b962a646c5b5c65,0.0,LOW,1.0,weighted_average,3,0.0,0.0,0.0
2446be79167f826badf388c5df4e346d858bd8382abaecf7f4a56f7853694978,0.0,LOW,1.0,weighted_average,3,0.0,0.0,0.0
d21658036330d324c5aa6d724199ba9b84de7ca370507146584150099eadbfb3,0.0545,LOW,0.67,weighted_average,2,,0.0,0.1
1784024616c51faa75ec2e0daeeabed29914388d8ed957fa2f69e70d6b836010,0.0455,LOW,0.67,weighted_average,2,,0.1,0.0
dc17b2a91f19db559d9dd098fb18ba1cdc020e6a74d7468d6eee5371179efe61,0.0,LOW,1.0,weighted_average,3,0.0,0.0,0.0
d1250ca900a79d377ef1bfd59ec14747c85b58923530f7c2dccea9c267214672,0.0357,LOW,0.67,weighted_average,2,0.0,0.1,
3982be93fc4142c6cd965057abec918f30e78b4b998e8ae529a88321873ca7bb,0.1,LOW,0.33,weighted_average,1,,0.1,
caac4849709ff6eaf5e74a996177c863c162e78c6314e6c2cc8db7c98208f3de,0.0,LOW,0.67,weighted_average,2,,0.0,0.0
83cdf06e3783eae0af69826aca5073f81770ce9678140de7c0032c8eafadfc42,0.025,LOW,1.0,weighted_average,3,0.0,0.1,0.0
657195c9f3697f7c7d231f5ab4b8de1cb899f797fb74ecf21d41458794cf5094,0.0,LOW,0.33,weighted_average,1,,,0.0
4c75dfbee37c618f13e24050f6dd77caab877b25482651f6c7106548ea643510,0.0,LOW,1.0,weighted_average,3,0.0,0.0,0.0
e0fcb506261ca211dc8d0357a02359700c5e807c9c4cab4d2bf13affbe4fb969,0.0,LOW,0.67,weighted_average,2,,0.0,0.0
d205b1f7edcd11ced3256517b35ff0cd1bc29ba26d689bdac57f7580833ed2b8,0.0,LOW,0.67,weighted_average,2,0.0,,0.0
3b7e0842e59725505af21458f8926a6d7b6479b2dfc1518a995ca64ab00e7923,0.0,LOW,1.0,weighted_average,3,0.0,0.0,0.0
9a5d6176387cef3ec58038d6cfa1be81e93486e0aeaa86c52dab02e3c16a7b3d,0.9,CRITICAL,0.33,weighted_average,1,0.9,,
f7cd83ca42eaf01bf904ee0e758ab92278bba533bac6def0ede64f14446ff9fd,0.7,HIGH,1.0,weighted_average,3,1.0,1.0,0.0
503f18a180333c6b79cfee8b3a8054b3efd1ac46c1196a14e718f97d5f17fd27,0.0,LOW,1.0,weighted_average,3,0.0,0.0,0.0
25afa380de861d0a7d54125524f25d302135c112b997676f096a58c686e1b5e0,0.0,LOW,0.33,weighted_average,1,0.0,,
6ce8459025b0595d7a6f692c0c8b3537b45a26437914d198238acbc123b362be,0.0,LOW,0.33,weighted_average,1,,,0.0
67542182cf36acc1a0137e419b8d9c0a0419eca4d37890ab76f2276c05502587,0.0,LOW,0.67,weighted_average,2,0.0,0.0,
a8a254ed71488fa3e739c06a930f2fb477d8df68001f34324aafa047db83f697,0.0,LOW,0.67,weighted_average,2,0.0,0.0,
8699943f15cc75bb78fc52b5dbdbdd4f221ff17bc14d1fbbcca7eb5e61aa1817,0.0,LOW,0.33,weighted_average,1,0.0,,
37aabc8eed3d65921e948119b2b44eb52fa47a9684eeb6ff068045cf3f2991d9,0.5,UNKNOWN,0.0,weighted_average,0,,,
dcf37d3f348d99746aa1283c0ac1ca396d36aecea359442199d6ff0d57391785,0.0,LOW,0.67,weighted_average,2,,0.0,0.0
e675b6234f3a9fee9cb55f5583af4374f0be4bb56620898ae46b4abb4e5e93e2,0.0,LOW,0.67,weighted_average,2,0.0,0.0,
b6bd62ae4c512fa0fc7da9f5ed75fb74184dbcfe753e0e4ff257bb3e4410c7a9,0.1,LOW,0.33,weighted_average,1,,,0.1
9d50c14135e04a7fc822995cb30d2b7c62f171c1c602f7d072c94b2124c05a22,0.0,LOW,0.33,weighted_average,1,,,0.0
9d21136e1a8212d148d86d4d1d58a7be87f03b26b7ea3d4428fee802eab3f104,0.0455,LOW,0.67,weighted_average,2,,0.1,0.0
1e153e1a100677dd3fa3f5905ac7ac3e185be99921d3e01a8ccbbe9ec4102a22,1.0,CRITICAL,0.33,weighted_average,1,1.0,,
90796c2ced859db34775eae13376424eabb40fffc8d5c0e29042582e1637d3e4,0.0,LOW,0.67,weighted_average,2,0.0,,0.0
32d1cd51208937bdd6be0ba6f6baa62897d35ab2818abf06c284090ec82f09c9,1.0,CRITICAL,0.67,weighted_average,2,1.0,1.0,
08a1e44576a02dcc5b166c5dfc0751285105b8d70e25324aff840189b0650747,0.025,LOW,1.0,weighted_average,3,0.0,0.1,0.0
59142458b93ef627b86e18d3b52a4a416cd7f5f9bf2e56dd1b66f9610d205f8d,0.0,LOW,1.0,weighted_average,3,0.0,0.0,0.0
fb238493875009ffc1eedfd8797bdcab886ab0aa4e48de3f29828d70785e6ba5,0.03,LOW,1.0,weighted_average,3,0.0,0.0,0.1
7c7fb2bb3aed8cad59dfcb6034fecdf315e7ec69c30ec34c68d7a4c3ccdc82c7,0.1,LOW,0.33,weighted_average,1,,0.1,
5f77a5c909d5b1dc2d964905ec91303eba80544d89b81c946b731205e1e37ae9,0.0,LOW,0.67,weighted_average,2,,0.0,0.0
90e4fa0f615a8f65c86fec431b75f3d80d0f2b2663bdde9c4569b8dc11c352bf,0.605,HIGH,1.0,weighted_average,3,0.9,0.8,0.0
66b15930468f405ca8ead14fa35654930635d180ca9c268ec5013618b964295e,0.0,LOW,0.33,weighted_average,1,,,0.0
d65b13f75c8afac8b40065163d4438836965164c6433ab8d4e6550961ca8975b,0.0455,LOW,0.67,weighted_average,2,,0.1,0.0
cb1b4792e638f617203fd69feb36ee2ef798a91350f9db254b5a941fed70ffb9,0.0,LOW,0.67,weighted_average,2,0.0,,0.0
adc4dbcb6f7c96f35964874fc265def1023acd652df9281f3ebaff5f0a7faec6,0.0,LOW,0.67,weighted_average,2,0.0,0.0,
b7c01bac01b371f02f360fcea1b25df67f7570c8e298efccbb241860ce7f065f,1.0,CRITICAL,0.67,weighted_average,2,1.0,1.0,
24f89d587fe8655504f9d5f42101702063c95121222972fb1928548316a2e2ad,0.0,LOW,0.33,weighted_average,1,,0.0,
980f0cf4156b1d56d066106621f46aabf18b8850e914fd70c3d94c060a436f6a,0.0,LOW,1.0,weighted_average,3,0.0,0.0,0.0
5e829c023b2c3998d921e9ad20dd1ae209a6f8e533c05d486547f8ea5d11f9a0,0.03,LOW,1.0,weighted_average,3,0.0,0.0,0.1
7eaa02ddc7f7d84566cee42b6e48ad09662c6d67565727c845db1504c137f9ef,0.0,LOW,0.67,weighted_average,2,0.0,0.0,
c06f318f83dcdfe247847be10c03de6cedd3c2ce85bea4e3024cfc1e3a7b70ec,0.0,LOW,0.67,weighted_average,2,0.0,0.0,
6b29140b308036162e748a9648c30828f569452c26073a3969979de331cbf120,0.5,UNKNOWN,0.0,weighted_average,0,,,
60199966a6843d582f595c24b0c117618529fa97e27516f90819f636ba99b503,0.0357,LOW,0.67,weighted_average,2,0.0,0.1,
5d33343b780e969948d692087bf0c2cc148efe79a7c2a557f2e77a67a0efb2c5,0.0,LOW,0.33,weighted_average,1,,0.0,
1dbb6b7cb88717aae6c782bac7b35517d02fddd205e7be6a47a1bf0544d035c4,0.94,CRITICAL,0.67,weighted_average,2,0.9,,1.0
123275ef9424c71c203672010abecc4a1c2368734594bff74023d238212a386a,0.765,CRITICAL,1.0,weighted_average,3,1.0,0.9,0.30000000000000004
0129225a7e1ee84622d7ea17b674c5893041a8327140c5785d5a360230b94f3d,0.5786,HIGH,0.67,weighted_average,2,0.9,0.0,
1cad7c85b13b8148d6e360f676eb21ffdcaf43b57b0bb6ec1cb105bcd136352b,0.1,LOW,0.33,weighted_average,1,0.1,,
f3b0a53163dab51679824fb1121dffafeb650e728a7b235936bb926f34a5dde6,1.0,CRITICAL,1.0,weighted_average,3,1.0,1.0,1.0
1db9ff15f356900ae595058d4eaadff2cb2ee54caf2b9f618adeaefc7767b89b,0.76,CRITICAL,1.0,weighted_average,3,1.0,1.0,0.2
6d15723c8cfdcb09e8711684b58f2dad9b982e7d2cb210d23acc4881dd2eaf56,0.1,LOW,0.33,weighted_average,1,,0.1,
bfa3a3eaf1801a7752ffe4dc54ddf53a9cd2d588c3b30d1d2669c372ffaea4d6,0.075,LOW,1.0,weighted_average,3,0.1,0.0,0.1
651e894917bbc3bab5f50922c1febcd61689f7c93321dc4ac712e1889ee3ec7a,0.0,LOW,1.0,weighted_average,3,0.0,0.0,0.0
5b0656c401ac8344cf5d25aadb77f9a2995ff674b3b209414ae0bb28d66833f7,0.5214,HIGH,0.67,weighted_average,2,0.7000000000000001,0.2,
8137892d0a724ee0617a99c9df68c7b308f76f80bf7867cefcde051a0b00c5fd,0.0,LOW,0.33,weighted_average,1,0.0,,
71350d32bc3418a5d9b2eb5afd04ee7cb40059ab79af5351b57140a7662ce344,0.56,HIGH,1.0,weighted_average,3,0.8,0.8,0.0
b4fba492fc917749e64797281cd77481679eb436eece9472cceef92e18efeebc,0.2727,MEDIUM,0.67,weighted_average,2,,0.6000000000000001,0.0
fd2411840e8013a981cf428bba0c19eab8c6566f074f51ff2c84244ae01dc96c,0.0,LOW,0.33,weighted_average,1,0.0,,
ab904684f878c295ea94bd91d259c5ef1acb17abd359d7fac09cf6f649a02db2,0.0,LOW,0.33,weighted_average,1,,,0.0
3674d87030459e61473a445b8295432f96faeb6709916c959f0e267dd4f92a45,0.0,LOW,1.0,weighted_average,3,0.0,0.0,0.0
2fae0e5415aadfafc51d713120b2a5df58ff7a91a20ecaf2299f6f7b2b96fd60,0.04,LOW,0.67,weighted_average,2,0.0,,0.1
6b59054cc74264cde90b672da83127195819ee742ddcbb13ca6d3f61eb7d598c,0.07,LOW,1.0,weighted_average,3,0.1,0.1,0.0
a14acb4e0600f5d60e1b12454d10cfa69745c0448f3cc6420b1a39737c9f9f48,0.0,LOW,0.67,weighted_average,2,0.0,0.0,
e932ec01aae36b41e195ba192769690176c6d66389c7bad8ae8c9e5ca7b6eda0,0.0,LOW,0.67,weighted_average,2,0.0,0.0,
bdb621d7e3b7dd82504091503b07bdc4180427aeaa7d55a6bc972aa0244e8571,0.0,LOW,0.33,weighted_average,1,0.0,,
188f5b92610dc045aa596ebbb789516c62e64bfe1f4b4ac301c0bf81ccb27b1e,1.0,CRITICAL,0.67,weighted_average,2,1.0,1.0,
4ccab5b1526c3c3eebd6f089615af2d1a8b686b4f9334d7a67d0056d5eddb332,0.0,LOW,0.67,weighted_average,2,,0.0,0.0
18ea6df5bef5067c55516aabac4f0123ddbcf022bd295487d2a9357a00022379,0.1,LOW,0.33,weighted_average,1,,,0.1
34329184bd0c3a8abca602f692f063d1cb9be3e484c7b328e6275226f20860ee,0.0,LOW,0.67,weighted_average,2,0.0,0.0,
db8fff779bf8909b11f463375b9f27a5bab1c6e542407cc0ca5044ae60eb4d76,0.07,LOW,1.0,weighted_average,3,0.1,0.1,0.0
34e114fcd35e5d360292fe350ab8c5bea533ce34464dffa7d1f69691feef04ce,0.6182,HIGH,0.67,weighted_average,2,,1.0,0.30000000000000004
c69b55f9f14655c87854dfac2468e0ef923dcb0208c2b3932a36e5bce8d8552e,0.1,LOW,0.33,weighted_average,1,0.1,,
73569ee02257c98f7ac469408c6748d2e9481a9afce290522db10c43b41ee953,0.0,LOW,0.67,weighted_average,2,0.0,0.0,
84649f1a3172bed404b49c6c44459f3fa57e9c910a6625cb6da4d30bd3829b82,0.0,LOW,0.67,weighted_average,2,0.0,,0.0
7b1f13fb5c3b3fed53553ae2a600e550b6be94debacf82a2779041597e574ffa,0.22,LOW,1.0,weighted_average,3,0.1,0.7000000000000001,0.0
f36b55d99129605b452125724f9f570a8108e725ec8f7a5e5ccba6581330f07f,0.0,LOW,0.33,weighted_average,1,,,0.0
08761df58e58259ecd2131ca64c0f3e9e087aedaff47f816fca9c3eede9669f5,1.0,CRITICAL,0.67,weighted_average,2,1.0,1.0,
2c64a203701458454d88d823ed452fe0d5c10118e210fd42c2306baec36edf5b,0.0,LOW,0.33,weighted_average,1,,,0.0
ae26a1c7bdf404fb193bc2d1bc381c65107a5f823c30fa53d4c0e692fab80027,0.8214,CRITICAL,0.67,weighted_average,2,1.0,0.5,
d35c7531fa199038203853ce68fd4a0ba2dd1b0854ac09f46062cb35c2df5b75,0.0,LOW,0.33,weighted_average,1,0.0,,
8550e340d95da9228b79bc060e2681e9719129b209e8ec777d27ba148faf9ad7,0.0,LOW,0.33,weighted_average,1,0.0,,
a5b9ce73c7bce9c9234490c328d01afa39f742a03539e714bc491401a4310899,0.0,LOW,0.67,weighted_average,2,0.0,0.0,
f53dd7b748ce80e76e45494ac9e3a914b1997e81ff5ad83996a85683984da372,0.0,LOW,0.67,weighted_average,2,,0.0,0.0
5b5dc1f75a0dceb5c5e183c26c79d53353ce3b3024af5ef80dc82df7a01c81e6,0.1,LOW,0.67,weighted_average,2,0.1,,0.1
972c4e8945d020fb39f3921140928ee79f6c2e28169e562836adeaa8084c8880,0.0,LOW,0.67,weighted_average,2,0.0,,0.0
be3ffcf4ec27771dfc75ef39893c381d34599683325798c42d579890e1bd1bf3,0.025,LOW,1.0,weighted_average,3,0.0,0.1,0.0
19fafc031fa32639e4c40932205b93a1ebfaf03ef78d14bce20a743f37b373e5,0.0643,LOW,0.67,weighted_average,2,0.1,0.0,
d46819ea60604beab280fdbbebf9972581a3abf5c3a7ca0beebc6f13c1e01a80,0.5,UNKNOWN,0.0,weighted_average,0,,,
f21192fa56c005772d54daaa50559bd2dbe376a5f54d4639fecce90bcac20a1a,0.0,LOW,0.33,weighted_average,1,,0.0,
1ecbcde684fae72a50d14655ba7fec0d8febd2e39f2994b63b58b4b81a42ab4f,0.0,LOW,0.67,weighted_average,2,0.0,,0.0
8268bcbf83dbbdd42bf5c599ecc4c1f574fa56773293cb19d3db353bed1bb14f,0.9286,CRITICAL,0.67,weighted_average,2,1.0,0.8,
74fe7da75dd2042b7180fc82186363350d819cd55f342fe39dc817105a9f0a20,0.145,LOW,1.0,weighted_average,3,0.0,0.1,0.4
3650e4cdaa038eccd8a052641bc0675ff9a77bf735bf5a38fe66e9dae08c58d3,0.0,LOW,0.67,weighted_average,2,,0.0,0.0
213401a03d917a2b3380ae71c3f598dda9085ae7f866e17059295e3a7057680c,0.97,CRITICAL,1.0,weighted_average,3,1.0,1.0,0.9
868243299ab86e13320a696e4fc895c0a3fc4963fb2282c8d5c30ebd46e84f4c,1.0,CRITICAL,1.0,weighted_average,3,1.0,1.0,1.0
98bf87ce08935c045294b94f28097a8af3bd1e9911e0578839f7317aba0da55e,0.1,LOW,0.67,weighted_average,2,0.1,,0.1
7b5772698308386e391f88861595fae3817083e869dfb3ca0e644e4aa011a222,0.14,LOW,0.67,weighted_average,2,0.1,,0.2
4149437da828f50e8320b95b7210be1be69d7a91ed5b1215110c37e41a571f76,0.0,LOW,0.33,weighted_average,1,,0.0,
027b4bcd354734edf1400aa6eb27f8c39d31e5d0ca690c275b89e24941b17ef1,0.3,MEDIUM,1.0,weighted_average,3,0.1,0.9,0.1
004e792c9d448ac2e2c7fd09960049f78a2d981b19bd576649f2584107d91c50,0.0,LOW,0.33,weighted_average,1,,,0.0
27ff059082af0b5fe9b79fb14faecd2ec3b780c7114d35383f6f68f991b7b825,0.0455,LOW,0.67,weighted_average,2,,0.1,0.0
8708a67fe77bd4bca7a4927ab5d42698112f3e43de0f3887e6e041c380fe5e2f,0.0,LOW,0.33,weighted_average,1,0.0,,
6cb7f6fdf605ef958a20a6560332665b43a5d54acf959fd5fd0212ceadfbc3fd,0.53,HIGH,1.0,weighted_average,3,0.9,0.5,0.0
f11207ee8967169b7fe6af643e692363ff033ae0843222b26918d42f182a2893,0.03,LOW,1.0,weighted_average,3,0.0,0.0,0.1
7aa55987ad283f0c79e64dc6edd9faa481c5c135672535b1f8841ff31cf3c7c3,0.0,LOW,0.33,weighted_average,1,,,0.0
c9dca756acdd557308af895cd88f0b5fec6df5185433e093702945a87b22d800,0.0455,LOW,0.67,weighted_average,2,,0.1,0.0
ac1f7d31853e58d4c516239fa80ac3eddae46530e9fa1efd020ede4b32a77bb2,1.0,CRITICAL,0.67,weighted_average,2,1.0,1.0,
f3eee2004da9c59a4615078ff150998121b0b3da82206c86e58cdbddd552b533,0.0,LOW,0.33,weighted_average,1,0.0,,
4b25658dbcdb2da8cf53d0c0c9afaa068799a699676801fd452fc7d5580d349c,1.0,CRITICAL,0.67,weighted_average,2,1.0,1.0,
ee08c5dc3a686e1b81623adb72b84098c84836dfb86f9f94288891792f019df7,0.295,MEDIUM,1.0,weighted_average,3,0.6000000000000001,0.1,0.0
ba9eeeaae5c23db9f86636ccef6df869c4920870597634772acf433f5661b3de,0.0,LOW,1.0,weighted_average,3,0.0,0.0,0.0
0f725a6485480540d3ee320bcdca5239bcea4592755e5dcb288f38b3ad6c8ccc,0.0,LOW,0.67,weighted_average,2,0.0,0.0,
f92397a44a53a00c572d5c798640023f2d83335b52e963e0c168a113ab6ac7e3,0.0,LOW,0.33,weighted_average,1,,0.0,
177b5085ba8b2e321ee4dde7681a89fc0d080fbcc4f1f421188a923bb02b5610,0.7214,HIGH,0.67,weighted_average,2,0.9,0.4,
10129046c409b2dd870f75494b273c89f5ea525474f9d62acb410aa9e014065a,0.0,LOW,0.33,weighted_average,1,0.0,,
af774e10e90e002b72a65a9873c5ace175135156f3187c22634caab97794c797,0.1,LOW,0.33,weighted_average,1,,,0.1
98af8cbf51a9290f8cbca790cda90064230d2396bec4a8f68babb8375c705486,0.025,LOW,1.0,weighted_average,3,0.0,0.1,0.0
01fc79bd6362d6b03d73d2bd689a4e16340aa99653a552ba8e2583a341bd7470,0.0,LOW,0.33,weighted_average,1,,,0.0
c0023b0c3c13e91ab27cc7a6c3c938d62f2211ca8723c7acf97d6e50b064a9ea,0.75,CRITICAL,0.67,weighted_average,2,1.0,0.30000000000000004,
f48006cfde17c362562d962fa01f74b6b4a72c1719d57ec708b14629ce8221b0,0.7357,HIGH,0.67,weighted_average,2,0.7000000000000001,0.8,
6c5fc82ff657fd1982d7d8af2833a3a75283446943e3bf9c3ed885d454d4c7c8,1.0,CRITICAL,0.33,weighted_average,1,1.0,,
32543a760484e917c829fc35251b00fbfb995e55115da007765af4621b0e1eec,0.0,LOW,0.67,weighted_average,2,,0.0,0.0
614d209898b8c12cfca5d7c464597640d4b98cc9fa8e1a8b91b49a1b3c5b6ef6,0.1636,LOW,0.67,weighted_average,2,,0.0,0.30000000000000004
055a4df8c10da7dbb9643a8f939b4805ce9f0b405aff4639de71362277a19881,0.0,LOW,0.33,weighted_average,1,,0.0,
d719a6dd4e7d6a7f645f1da8018ea1a9d8c3a80e70c8eb11b213de7beabde287,0.0,LOW,0.33,weighted_average,1,0.0,,
ed8d9656781e1b254bb5aaa68ae1c21e205d0a90476687929196615580b067e0,0.03,LOW,1.0,weighted_average,3,0.0,0.0,0.1
731ba51a765f0f5349c5c32e7f802769e1d2c2959d4f7cc3261e4db2e6a21da8,0.2,LOW,1.0,weighted_average,3,0.0,0.8,0.0
f30ad14f92ad82eb4852cfa009807c458255d8b02292035e7bdae15734ef4728,0.025,LOW,1.0,weighted_average,3,0.0,0.1,0.0
b84b63ee04baccb9a2cfe52717f341e8159ffe5ad7e305c57a03c546925a208d,0.0,LOW,1.0,weighted_average,3,0.0,0.0,0.0
ce0f272405a8e55cf7897e4d32534eede9768bc844a81cc5c2b7e555ba24f208,1.0,CRITICAL,0.67,weighted_average,2,1.0,1.0,
52c9e32c179ccf78d3b2529d455cacb9745eda6a7653803d8d10d8f943f96768,0.1,LOW,0.33,weighted_average,1,0.1,,
89491588cf566101b4305f2ff4fd565395ad2a1398b79b10e57910672bb94fce,0.1,LOW,0.33,weighted_average,1,,,0.1
99f0f35cc7c58ea47e65b00f00cb8efd9a315dbdffc59fec7529ef5e17e364cc,0.0,LOW,1.0,weighted_average,3,0.0,0.0,0.0
a7349e3f755b15d34263d7eb617de8dd1b6298171d2975917dac95d8b9eee7ee,0.0,LOW,0.33,weighted_average,1,0.0,,
90998495b502ce9c735a593713405977b41cfd394891317196cc389b78afe471,0.06,LOW,0.67,weighted_average,2,0.1,,0.0
dcedc28701b67479cef95ea60239579da9e2e1449d5c05746bf725af8dc3e13f,0.0,LOW,1.0,weighted_average,3,0.0,0.0,0.0
774a254285930e7a5d97336a28e9a22e8aeccf10f6a8ebdd2dbe76c6c42d9ed9,0.0,LOW,0.33,weighted_average,1,,0.0,
ab4aa9b68a081366561e98452d99470aeb270de5534fd4ac05304f1db903626c,0.075,LOW,1.0,weighted_average,3,0.1,0.0,0.1
4497cd41b8c1820fc349439bbdbdb37e04e65c91c6689e254b8dd88d703f7169,0.405,MEDIUM,1.0,weighted_average,3,0.9,0.0,0.0
60593606efe13e308a7d6e2521f0b2c9e6d0810fe9e79ac1b61eabe517475a61,0.0,LOW,0.33,weighted_average,1,,,0.0
72c7e6739376ad954f6c34444f1f6a2613d149f1d767e4df33e9d619d7eb8d89,0.76,CRITICAL,1.0,weighted_average,3,1.0,1.0,0.2
035625fe0ab52fa13bcb9c19bfa75ce2badac0656c36796f6598cb767aa52e67,0.0,LOW,0.67,weighted_average,2,0.0,0.0,
2caca6641660e32a16cc5afbd53b954ff0e09c4c72e2da6b297831395497f4bd,0.0,LOW,1.0,weighted_average,3,0.0,0.0,0.0
f3ee35c245e25fbd1ba3226f67b375e2ebf0d49d7796072fc7e7ea33c960ea64,0.0,LOW,0.67,weighted_average,2,0.0,0.0,
ce5777fbefa634fbee78c0e4d438e5d530066e26749ac4ed4da60f3632120431,0.0,LOW,0.67,weighted_average,2,,0.0,0.0
ce077b177de0e548cc2808cfeccd537e2232f3a7791a0731eb7b342bba3033db,0.2,LOW,0.33,weighted_average,1,,,0.2
fd5fe29d347d42a6a2358840f49599537d577d01043742d8c007818646f906fd,0.0,LOW,0.67,weighted_average,2,0.0,0.0,
61e945123302fdc43e3168662af44556f2a2fb849b36118a90a86f76187f5f47,0.0,LOW,0.67,weighted_average,2,0.0,,0.0
1a321694113c58f782d793b17e7f0a5680bee76d4a85c7be93be3c27c1120c90,0.03,LOW,1.0,weighted_average,3,0.0,0.0,0.1
2559e2077a1e6897878dfea7d430cc8dcb5d8a4d1af63a348d55a738d9189d4d,0.705,HIGH,1.0,weighted_average,3,1.0,0.9,0.1
9603392fbd4ac5e6961240568e1ec5e0ebec2fd5bd8b4c19d2c7cbf51806b7a9,0.0,LOW,1.0,weighted_average,3,0.0,0.0,0.0
c677c83087cdac0dfa4b1b11b22d3f2a6374f159ab589aaeb8587086fd9cd3b8,0.9643,CRITICAL,0.67,weighted_average,2,1.0,0.9,
f884a9a7f8e1a83500587064eec4ae4ba4227b111e47769cb1bd0cb869f82a35,0.0,LOW,0.33,weighted_average,1,0.0,,
b7c12e558b5baa5da13215eb8032e3abc340adf20b415b84c0792a0a77719e1a,0.0,LOW,0.67,weighted_average,2,0.0,0.0,
ad65bd3a063f389b6f834bda68efadcb5c89ce35c1c3941e40ddd0fd413898a4,0.5,UNKNOWN,0.0,weighted_average,0,,,
5f8e9855c71c57420652aaea555a1c16c84a6c90e11129b8c96004707e903e68,0.075,LOW,1.0,weighted_average,3,0.1,0.0,0.1
0dd67add0236c440044424cdf427f4f40700f9cc83782dfd4ff29594a35f9b2d,0.5,UNKNOWN,0.0,weighted_average,0,,,
85bc8493ac068cbcd40295bcbf5789850b9d8e907441b1d7626d7f33af4e1c9d,0.5,UNKNOWN,0.0,weighted_average,0,,,
c72c0029f5e34ac33ef02a3506f23b43d89f2130ab1771c55c8d8eabf7350998,0.0,LOW,0.67,weighted_average,2,0.0,,0.0
eee78a2167404739a1627da29e0d159cfc5b1332f2b3f46f8a901356843d6090,0.0,LOW,0.33,weighted_average,1,,0.0,
7fa46920f082a2a752b15c3287387f74fcc02d3fca550e5fec2c3d60358a1206,0.04,LOW,0.67,weighted_average,2,0.0,,0.1
e1a3b7a2ec54846859260cdcaeeb5cca1b5258e739d2a3491f2b4e30db915a42,0.0,LOW,1.0,weighted_average,3,0.0,0.0,0.0
62c6bbfd7159de13c93c17c9c730e7e00244fbe6f8a4b6e1fe02563825b39af9,0.0,LOW,0.33,weighted_average,1,0.0,,
b09c19955e4942d171a15c3e4157b167ecbea3a422bb27e7a9c4e28f185ec4cc,0.1,LOW,0.33,weighted_average,1,0.1,,
d8aa77a6b7f7f294a7893af24fbd80c12f2c63f6692d829fc72fc72c517541b0,0.025,LOW,1.0,weighted_average,3,0.0,0.1,0.0
1cb64083d2adda7aeecf17a11618ecf01e4d90395de65ae30433f46f65152399,0.1,LOW,0.33,weighted_average,1,,,0.1
49c6fd4c4269d6a76b3fc20b82b45e3e8961103de5b2cc195ad800f1b55ad085,0.1,LOW,0.33,weighted_average,1,,0.1,
50956162485fb510baf2ab2220eb0d2fe189f19d8c05cc1582af962f9e70990d,0.3182,MEDIUM,0.67,weighted_average,2,,0.7000000000000001,0.0
f7789a3f9838dd7e2cbc6d9ef31d8b3261bcef136c789ba14d74d58e1bb4394a,0.025,LOW,1.0,weighted_average,3,0.0,0.1,0.0
bc71574196a280eb448fa1566b6b8754f4e46f873cf9035eecac62544cc99328,0.0,LOW,0.33,weighted_average,1,0.0,,
d0d2a62644ccd7565a09bb7cc19fe0442d1b65037183cb0fa8879aa1d49b1777,0.04,LOW,0.67,weighted_average,2,0.0,,0.1
f2163d91b172708c84e71350a3213aca615d4336391a2bc87885219e5e3e1e8e,0.0,LOW,1.0,weighted_average,3,0.0,0.0,0.0
2dc20b276161b404b46c19e8d4baf91905f9afac41fb01284db3dd06b71544e6,0.0,LOW,0.33,weighted_average,1,,0.0,
0e6fa56147d50a157d3f120292963701f96774afcaee1846b7a77e99566f341e,0.1,LOW,0.33,weighted_average,1,0.1,,
1ef98f8d9b492d920ab70a757e4bd58747f68de293f9fe5fb358117d651d707d,0.0,LOW,0.67,weighted_average,2,,0.0,0.0
498c6cefbf68be08d50c0d2e2cafaaf67c34e19a0da2d3cc1676122d9a42967b,0.0,LOW,0.67,weighted_average,2,0.0,,0.0
baa70c872199ea23d87c2b37c9be240af46e15ce33c029a76e2926139cddb414,0.0,LOW,1.0,weighted_average,3,0.0,0.0,0.0
135b267ef5afda522491f7104cd9e6fe5d9e64f30bcf355f8cca24a7476081b2,0.735,HIGH,1.0,weighted_average,3,1.0,0.9,0.2
76087e455001f944cd16510611927d79c9fc93d8ee244a5b69b21b78f0a9e727,0.1818,LOW,0.67,weighted_average,2,,0.4,0.0
1a8231a136771571b2cd1ae8c9ccf79291d1a63560e193d5f40111d856e3b80c,0.685,HIGH,1.0,weighted_average,3,0.9,1.0,0.1
4c9953e1db1a4f05ac26d3708415d33d2a95c964a395bdc51d005e127c58c6b6,0.0357,LOW,0.67,weighted_average,2,0.0,0.1,
842b4febd515c0558d017de2c7aa570ead3a597d338edd21aff8dce7f435e52f,0.3,MEDIUM,0.33,weighted_average,1,0.30000000000000004,,
5a42f92d1e2d69ee69be704059d2f21b8aa71dd21b358538ec7f999108278e30,0.0,LOW,1.0,weighted_average,3,0.0,0.0,0.0
2d00cde505c2b4985409b22f77450933b282eb832e628be60e177fabb6069b12,0.045,LOW,1.0,weighted_average,3,0.1,0.0,0.0
4b0c5112213d3f4418b70a12d6b3560a00e164feff7e0f1c2747f8df9c8c558b,0.0,LOW,1.0,weighted_average,3,0.0,0.0,0.0
f5b0f89209f2d896aa5085ffbf99cf25f96fd208ad39f01401598ae7e198b862,0.0,LOW,0.33,weighted_average,1,0.0,,
ab579601ebc8c0efb2e0b0bdb1050feddd6c8fa67fbc9f22cd029a35fe92c450,0.1,LOW,0.33,weighted_average,1,,0.1,
9ae50b50a9ef8eb1a77bd26bff83c68a94ea65a9d1222594d67e2a4d6b4cd5b2,0.0,LOW,0.67,weighted_average,2,0.0,0.0,
ff68a2b7bc084ac3419fc37d98b245ff2ff916775947943468119062b8f36d17,0.0,LOW,0.67,weighted_average,2,,0.0,0.0
a12e5d92de9765e75ece9804b1fe8880ba69e1feb4f8efd5f5f86d1547c3417e,0.055,LOW,1.0,weighted_average,3,0.0,0.1,0.1
27458c1f0f580b69504d2ef7cfebb116ff85be589c34fc0c962175a82e6ba8b6,0.045,LOW,1.0,weighted_average,3,0.1,0.0,0.0
9e5cf0eda43473909862fec5209fd2c5f94fd9d2d2c8b09f011b864f91944fd1,0.9357,CRITICAL,0.67,weighted_average,2,0.9,1.0,
a5a30ca1c3898cdc79ba884c17dce4c184d1ffcda8e9dd7672840b9a5ac6e1a3,0.0,LOW,0.67,weighted_average,2,0.0,0.0,
576e2d546d779762ba9ef23eceafbb8e29f9d2b5ea9919e037676837dc42bb41,0.1,LOW,0.33,weighted_average,1,0.1,,
84c84eae132bfe527c8e25773b8670e80fc669243920798934191294823e0223,0.5,UNKNOWN,0.0,weighted_average,0,,,
c1db008cf3a69cd402cac346dd2a6f5f4e6439fbe6d8592f1e9272523661f3da,0.0,LOW,0.33,weighted_average,1,0.0,,
53581b97a5242b890bfce96663740eff4209eda47d019bf9679fbdad05af4738,0.3,MEDIUM,0.33,weighted_average,1,0.30000000000000004,,
a4ebf536af66dc260ea4bd8c4191981a8bb7534fe6fe35ef936ba8f24e6e4cf8,0.0,LOW,0.67,weighted_average,2,,0.0,0.0
13e144125b97c4a8349ea3416bc800e6cc1e0ddf36a66ae492a4a98feb57b067,0.0,LOW,0.33,weighted_average,1,,,0.0
70c576e5f804e2c9b4ad4340dde4a66e2b2c69cfa87f70521f660f7cd4253103,0.0,LOW,0.67,weighted_average,2,0.0,0.0,
9bdf2b103121a9b0dd0cb8b6c7b6da988f91ed3d8da57e318c02d7719a83116d,0.9286,CRITICAL,0.67,weighted_average,2,1.0,0.8,
163d555e27fc62bf0eec092c57c1181f1486e3c0a829650810de9a52f36d2baa,0.0,LOW,1.0,weighted_average,3,0.0,0.0,0.0
8fb3b24fa68ccb5e82daa9c42dc12839c9af5678d32e638fec9b03862450b39e,0.0,LOW,0.33,weighted_average,1,0.0,,
2571ec89544e9888a3084f3bd4d2f9fdc0d08d4d7934a31a5fc5f096923bdb20,0.0,LOW,0.33,weighted_average,1,,0.0,
80a5aecf167d2cfe08e885b21533fb4ad9c566b35686f280a8c48c867757606a,0.07,LOW,1.0,weighted_average,3,0.1,0.1,0.0
d73e46ba8e6216498f7cdc00ee52e873d521281ddd5d19acaa25a9d98b5772a2,0.0,LOW,1.0,weighted_average,3,0.0,0.0,0.0
551dc652a5eab7decda2f8dea1e7fde45da70c16e8947766b95791a18e836997,0.3636,MEDIUM,0.67,weighted_average,2,,0.8,0.0
aa6ba8d4f73242fb7a979cbf02be1844e9eb55e5d3886be63fb534cca451ab66,0.025,LOW,1.0,weighted_average,3,0.0,0.1,0.0
67c2746656a02d1548a035e695e1abd46efd9a0041af48bde07c42fbd5a0c7f3,0.0,LOW,0.67,weighted_average,2,0.0,0.0,
4f8338001e4157da3b8115799c279ec045f4de6d5054521b4941d81e0fe68ab2,1.0,CRITICAL,0.67,weighted_average,2,1.0,1.0,
d6353e401870416f2265116a3ee8e6ee352dd1cdf5fcc5db90b3da8eebddd5ef,0.0,LOW,0.67,weighted_average,2,0.0,,0.0
4ca900399f68a077ccd7b3132b563d989bdbbd29d1a7d0a7edf44dbe20c6e406,0.0,LOW,0.33,weighted_average,1,0.0,,
aeb6b650bee4c22e229d76a7331038a7454508a3a8c046d08c3510eedb9d10dc,0.675,HIGH,1.0,weighted_average,3,1.0,0.9,0.0
a41b968479b636483fd626b327b69082ecc0309d7e704eeac1e9a904a8b3c432,0.0643,LOW,0.67,weighted_average,2,0.1,0.0,
9df318ee560b08e5f7e72a0f99671413cfd941047d6a44e8eb2156c82fceeb34,0.5,UNKNOWN,0.0,weighted_average,0,,,
cd440b1f81a8543ca520c50e7b4b1f358a7481986a44323516ea7ec5df18a52c,0.9,CRITICAL,0.33,weighted_average,1,0.9,,
acd7ece98188c0ffb7c7558d7d861cdde6e4b4d20ba6cf0c289a68d53b000a08,1.0,CRITICAL,1.0,weighted_average,3,1.0,1.0,1.0
6de86d8dfb092a7eb0c1448825a7d0e8e5d389f4e8c8f92efa23b978e7f19aae,0.0,LOW,0.33,weighted_average,1,0.0,,
b61160156c37320c30b36692c2d1c38f556050abdd0e72d78d510a764d20ea39,0.0,LOW,0.33,weighted_average,1,0.0,,
98d0577713680954366d02345044a9673a40d0138fdccd9f1d11e05465c37d8f,0.0,LOW,0.67,weighted_average,2,0.0,,0.0
8d0e003ca9446a8d98b1be869871e7c3806f08e3e4a3b49ec32bddf6ebc95900,0.0357,LOW,0.67,weighted_average,2,0.0,0.1,
7e48aa0999f86f591c276ff91364697ee7230405ca37ed3873f69c1191e963c8,0.0,LOW,0.67,weighted_average,2,0.0,,0.0
441e08e925de17357bad6c99ae955a2b5597fba6886a21402e242d4a346e4dbd,0.3636,MEDIUM,0.67,weighted_average,2,,0.8,0.0
e539980cfa968906d4a8935d8452d6cd13143a037dcb9a84d970646400e909fb,0.0,LOW,0.67,weighted_average,2,0.0,0.0,
4a770bc3fb9307dca719c94c6f88c99f2163b2eb87b68c265ddfce868cca88bd,0.0,LOW,0.67,weighted_average,2,0.0,0.0,
1fb3ff7b1693cd1f7e42a4ad1b533d1c01c635de5b09dca2ab7c0589e935375f,0.5,UNKNOWN,0.0,weighted_average,0,,,
9b6ebeed8ebd3545a816ba7247d2b07e70e272d75800b3457c10a5d5a4251897,0.0,LOW,0.67,weighted_average,2,0.0,,0.0
080a1e78926d8f0f7422ddd4f49ce846a8bcb01872f0c35841ac0eebbad4eae0,0.0455,LOW,0.67,weighted_average,2,,0.1,0.0
904d1fca053bf8eae6cb3cc4ef0ea888e28d0260c275cde423114a66d1026f6f,0.0,LOW,1.0,weighted_average,3,0.0,0.0,0.0
083a3d5f1b1ffc298760194999b417e10bab1e135b6840fbb09379cc708e7f9a,1.0,CRITICAL,0.67,weighted_average,2,1.0,1.0,
bbdcc9a937593f71e2b51dfc3607b1d7212e3a9c065e973a5db238ae29269601,0.54,HIGH,0.67,weighted_average,2,0.9,,0.0
11d64c70a8a6de45816b0aaa4600118d0ff2ea847206c70e2cadd9b038c99fb0,1.0,CRITICAL,0.33,weighted_average,1,1.0,,
59ce34ec70efc5e65c18e84ec97b914fc1abc78b6108975fcf48540e0b8a850e,1.0,CRITICAL,0.33,weighted_average,1,1.0,,
55a25037a214cb9910cd20f8f038def60a653a1f7a1ef7d18c7739581cddf624,0.0,LOW,0.33,weighted_average,1,,0.0,
584590d3a6cd84faf993cb03fcaee918d556dc4a551fbdff6ae2090e67cc35eb,0.0,LOW,0.33,weighted_average,1,,,0.0
10a8dbe7e6975fd415075042878b298384f54492c58e4324fbdf1167a60e07b4,0.045,LOW,1.0,weighted_average,3,0.1,0.0,0.0
072dc6c83438e7d2f5d5321ca823090c7a2d707d954420906400dc2c2b0a17ef,0.0,LOW,0.33,weighted_average,1,0.0,,
16ebcb6d8106c510a3e57bb6ae3f8ac8b81541ce9ace5cca0125921016866a54,0.0,LOW,0.33,weighted_average,1,,,0.0
4b66fb20960742ccbca84e7d8ea53e03f620fcddc097d58419e214b6c7377fe6,0.0,LOW,0.67,weighted_average,2,0.0,0.0,
9e890ec4a6648059f3990362743540fd66949e8f819baf5e9d986ed8901135d3,0.0,LOW,1.0,weighted_average,3,0.0,0.0,0.0
3f7d97e50172fb9a07948baa5e12550e50a167de7f256601bb68ffcb82c5505c,0.0,LOW,0.67,weighted_average,2,0.0,0.0,
b06dfe5cf9d1dea52eab06c371820fd0df34716b5c9f2a01d971047c87c9e58e,0.0,LOW,0.33,weighted_average,1,0.0,,
5ff3c327d84992993ffeba230c68285440cb894060179883d2cb4db10881ec88,0.435,MEDIUM,1.0,weighted_average,3,0.9,0.0,0.1
fb7c65b251960f4f9dc6611edfc753fdd29fe35330caaea6c739d729f4bf2100,0.0,LOW,0.33,weighted_average,1,,0.0,
788a9203683982ea0b65da3a6c1467ee2cdbb43fc172fadea614221eadc9440d,0.04,LOW,0.67,weighted_average,2,0.0,,0.1
fc33def2631235d91af9159731d4f1861d5730da6742b6d3099fc6ddc78bca78,0.0,LOW,0.67,weighted_average,2,0.0,0.0,
5f8a8c06d0cc125d1334f40fe40387ca4d9e5c3fd5dce158bdda54431f16748f,0.0,LOW,0.33,weighted_average,1,,,0.0
d451e715eb9ca3c9803b6eb9a0cd78cb90fc52fe6a83aa63fed993fc13a02af5,0.1,LOW,0.67,weighted_average,2,,0.1,0.1
d85d7c19a6b79539caf6f039aab23e52baf09594ef7f6b2cb54ab103e7ddc48d,0.08,LOW,0.67,weighted_average,2,0.0,,0.2
cb088f0de3ffd779085a5e4565ba4952564635ef8a138f3a8f0c65f03aab631e,0.0455,LOW,0.67,weighted_average,2,,0.1,0.0
99614582741cae1f40b86434384ed9d76ba4cb4b4208ad3c609ab12c98d7ab8a,0.0,LOW,0.67,weighted_average,2,0.0,,0.0
25b74d879c5302afa4d3a69823d97c545b8d91f65952b04c09da85d654aba211,0.06,LOW,0.67,weighted_average,2,0.1,,0.0
2a8039e1f3c10bfb5b7a88c8e621afa2824c076a6f24788b9e79ea445cba86b0,0.18,LOW,0.67,weighted_average,2,0.30000000000000004,,0.0
5b1a51c831d045dc5236b3859be146e721fe126d49e8339ab44398d68e8d86a5,0.025,LOW,1.0,weighted_average,3,0.0,0.1,0.0
fb43a597b33bef768e2aa3195ecbb33a34c2400ace56881a74ecf023f84fa6db,0.04,LOW,0.67,weighted_average,2,0.0,,0.1
636dfe1d56d0c9f93ef56cc9a66c220a2022d63df73f7a476ad045bc7eca3a73,0.5786,HIGH,0.67,weighted_average,2,0.9,0.0,
2515d92b9d8c5c8a0c2896f1fea9aba0d2cbb51777081e9fd4a9640bc88c4626,0.0,LOW,0.67,weighted_average,2,0.0,0.0,
79dae2fca795e2b4e24aeb5fb79ad86396b3a4de39621ded296598ae453707f4,0.0,LOW,0.33,weighted_average,1,0.0,,
b9b022bb6bc8aa580337a5aa6b4aa3f79f71b5c3e2f8028e943c6a7088b39ca9,0.04,LOW,0.67,weighted_average,2,0.0,,0.1
eb857877660a3ad4627cb5cbb91a4674f4ae1b3e311e09252aa5cbb90e139bec,0.0,LOW,1.0,weighted_average,3,0.0,0.0,0.0
16d3375a3da1996138c6baaf4b0aedbccfcf810565e48646c497c0a83eb72002,0.15,LOW,1.0,weighted_average,3,0.0,0.6000000000000001,0.0
dd19eae78fe629039f3941587f738f9a094f6e6327a81837b9939956763db493,0.0,LOW,0.33,weighted_average,1,,,0.0
f9d968487348dc8065818a29674aa9cef018ee7e0ad597f7f9f588a7e3810704,0.025,LOW,1.0,weighted_average,3,0.0,0.1,0.0
bf44ed672b7b461b845eca3100b1e39c71b8d950b4635319ecd2dc7eaf79ac82,1.0,CRITICAL,0.33,weighted_average,1,,1.0,
e36652b7046f866afa44b2090e75e9975947ab82e0361204d7df2cc3aac46b24,0.1,LOW,0.33,weighted_average,1,,0.1,
27189c1c0dceb6b8c13e8bf17cee102e81eb1c572451b281e33cba681b05ce7e,0.9,CRITICAL,0.33,weighted_average,1,0.9,,
bddb54096040f46ffdf682673785cded41172022870757cd6776920f7ddcd79c,0.675,HIGH,1.0,weighted_average,3,1.0,0.9,0.0
c694055ff6de353bf50f60e0c0f997f9057e6cd22ad0b1d36a1a49a13c13b6c0,0.7,HIGH,0.33,weighted_average,1,,,0.7000000000000001
88fd4b4888a4b7f6272436eaa9e474c13d5a22e4c36883305e260d0278598f05,0.0643,LOW,0.67,weighted_average,2,0.1,0.0,
b0b3a2273b3b57a06f386d9d8a42755a203c63413fc97df41a3902c81fc90b6a,0.0357,LOW,0.67,weighted_average,2,0.0,0.1,
29388a060b435b147c9e0e683c1ce4fa770360e8ea2047e2a44352812a096870,0.0455,LOW,0.67,weighted_average,2,,0.1,0.0
26e4080f44dc461f8f91b4e575afea9869c4687f512ae9b9ed424bdf1d7daebb,0.0,LOW,0.67,weighted_average,2,0.0,,0.0
395bb53886dfeb400450e0e8582064ddc4d1fcfddbe004c5949a3dd6b490f180,0.5,UNKNOWN,0.0,weighted_average,0,,,
052b504bf925e5b3d2528cf6346b759a762093422b25a4b12c05798d8d8d5b2b,0.9,CRITICAL,0.33,weighted_average,1,0.9,,
063e4b028c51f964e2250b6000bfecbeafb4d476ed7d967881ee3b7e2e14b790,0.9357,CRITICAL,0.67,weighted_average,2,0.9,1.0,
323b375c30f0966cf68c30b1600e8e7e2621bac9d8f43dd510661a893130c062,0.0,LOW,0.67,weighted_average,2,0.0,,0.0
450a1f023f84aff62fa3ea4cb945d17008a9238ef29d038492e82f359a246d97,0.0,LOW,0.33,weighted_average,1,0.0,,
68419b680b41ea0e83d20261ada4d651fa4cd75b2e49503de639a99c93f6bcac,0.0,LOW,0.33,weighted_average,1,,0.0,
1de923c09cdca414e43a7e7ce44c9ecb466626967bd8129669401f94fdc5c027,0.0,LOW,0.67,weighted_average,2,0.0,0.0,
041ac7553329aabff01f7c5043544f87e117384df2fc49e8e84de585617d34b3,0.18,LOW,0.67,weighted_average,2,0.30000000000000004,,0.0
0a481bc066203ff88607dd8b63197700a4c0d4fe1f88899e3a89f71d71c1b0a3,0.0,LOW,0.33,weighted_average,1,0.0,,
35623eead4cd45f8fa8deced6a863fd915ea85ba44081570ab60776125eadb1e,0.0,LOW,0.67,weighted_average,2,,0.0,0.0
4b0bf271e167c4b6233c5e64823cf1a27a4839233424ef8c99ae5eece44e5474,0.0,LOW,0.33,weighted_average,1,0.0,,
a159682c0656a10d4e642ce8957e78852e35d9af167813b7c9d51cdd43e44d76,0.0,LOW,0.67,weighted_average,2,0.0,,0.0
639def3718c4e73a6ee518bfa93bb891c73b2c281ef47d2caf28b2cb7bb622df,0.0643,LOW,0.67,weighted_average,2,0.1,0.0,
1308fb95606d73d9f9a6ef51d03ab670186bfb733154114af752fe1e06f455a0,0.0,LOW,0.67,weighted_average,2,,0.0,0.0
642c96360075ceb068770cba0aefc2fc707019ba99016c27cd00d77b3f195ada,0.2,LOW,0.67,weighted_average,2,0.0,,0.5
22e012177eb264e0c487d0c2fa2df10bee8c1b768c1c9fa7dccdd92dbb5b18ff,1.0,CRITICAL,0.67,weighted_average,2,1.0,1.0,
948810e328a0d5bcc29b8da19d6ea35c9bcdb2850d2ecbfc6df7f7a94047cc92,0.0545,LOW,0.67,weighted_average,2,,0.0,0.1
b51592ab207ae1963681bd87aee9219a0b9cad9e9bb093e1b6eb13a32f861056,0.0643,LOW,0.67,weighted_average,2,0.1,0.0,
117b15cede571e380a0c5b042881e3db4628aed4a1dd5a4f50595fd66e2f15d6,0.9,CRITICAL,0.67,weighted_average,2,0.9,0.9,
544d8f4cc41e702be551b06b10f6abd49a91723a7652aafb5dc1d96a9b54b007,0.9,CRITICAL,0.33,weighted_average,1,0.9,,
ccc5c6f213194d34a30808595ecd6e5c9ec2714c5cc519b75e49cab54585db32,0.2,LOW,0.33,weighted_average,1,,0.2,
570e1ccd5a23fbe63cfcb93db0f4b03be37b3af5b6e02a6c8436ecf351c9e43a,0.94,CRITICAL,1.0,weighted_average,3,1.0,1.0,0.8
f10f9dcb80cbcb5ab5d0f4292c6768af3fbdb4c1ff6a973643fc8876869498c8,0.0,LOW,1.0,weighted_average,3,0.0,0.0,0.0
e8ebe0ed216995903dce62dbd612e9e60dcc4ca5c34e54a33284525cd350e8d0,1.0,CRITICAL,0.33,weighted_average,1,1.0,,
53b06dd825e769207be1c8876a51ee59dca86f1a013586858f9b0ed8ce80cc34,0.5,UNKNOWN,0.0,weighted_average,0,,,
4861835f22b06d9502f30cd635da44715ae7f27c6cece4f9e2c2d4ef3379d1a1,1.0,CRITICAL,1.0,weighted_average,3,1.0,1.0,1.0
82f68baded92596fa34e15e79a26c69d8b43bf04f17c2e77e34427325b270f47,0.5,UNKNOWN,0.0,weighted_average,0,,,
8d43a4138a26ae48ec7e17970f024e8133dbc44959e26df5b521c99133a4e9e7,0.0,LOW,0.33,weighted_average,1,,0.0,
7a5d60b82b4807124674dcbe528182465e76a62e0974bc0af6fbe164b36be852,0.28,MEDIUM,0.67,weighted_average,2,0.0,,0.7000000000000001
d32fe88db3a7751e56d5df819a1c247f925652259246b8603d97676cfec50d82,1.0,CRITICAL,0.33,weighted_average,1,1.0,,
44c93eeec9f4e23037b9c5434438a17732e726fb3a2208d22054deb6b6ebcaa9,0.915,CRITICAL,1.0,weighted_average,3,1.0,0.9,0.8
3f56ba46d23f640ca3ae7e74abd98cd0195e3451b429250038ded84b8253e4b4,0.0,LOW,0.33,weighted_average,1,,0.0,
cb65b28b54b038f3f33ddc0455cafd335864fdd70d3a2f2c4d61ec0883a04844,0.0,LOW,0.67,weighted_average,2,,0.0,0.0
075f668ba3dbfbf230b4cd976b6a4f161b18ad25bb0cfdefd7d43b9ca67553ae,0.06,LOW,0.67,weighted_average,2,0.1,,0.0
24bf389f7df23e2f34351fd10cc131c216c6d7cbfb0eb74ce88462a2face04d1,0.0,LOW,0.67,weighted_average,2,0.0,0.0,
5adca8f5b3eb84800fd4a7e03c1a11d56b54f5654f66ed43894e8a46e15a97cb,0.0357,LOW,0.67,weighted_average,2,0.0,0.1,
622290303596a38d748996ab3810741a1d38e33a188526d682d3d14675b7e6a8,0.0,LOW,0.67,weighted_average,2,0.0,,0.0
13e517ab8151bf69680588aa6dc5120b94769ec7512d1d6afe25f2aaf8363314,0.04,LOW,0.67,weighted_average,2,0.0,,0.1
661d79d1bcb367d42bf0701f812bee184034686d164cf0ffe21f2b19e7a4c901,0.03,LOW,1.0,weighted_average,3,0.0,0.0,0.1
75e0a3dae7bd856dbbed5f7fe3849015bd7c78a07595a9ff917dc94440d77896,1.0,CRITICAL,0.33,weighted_average,1,,1.0,
7384351130e32978662b3c68dfad7a90015312f846a063482dad24e99f11e23b,0.0,LOW,0.67,weighted_average,2,0.0,,0.0
549ad1eb17abeda7b7f831f1c7cb91738a18befad351fb951e3bf289800903ad,1.0,CRITICAL,0.67,weighted_average,2,1.0,,1.0
af258377cf22a3d96a3839ae0469bcc0910f70cb4a21519724f6ee3f7b8ca82c,0.04,LOW,0.67,weighted_average,2,0.0,,0.1
620414381b71bfff7971c21443b79f00e9ae78ebbbbd1c9e5d86e89804e23d32,0.0455,LOW,0.67,weighted_average,2,,0.1,0.0
22608b87740d56cd36aaaa78455b5242f3940e6a6763ff392c282791d91a4e42,0.5,UNKNOWN,0.0,weighted_average,0,,,
6c9416e9ff53e998ed23d00a5a1c3d4edf63ff60c6ed6322bd377cfe0fc8197b,0.0,LOW,0.33,weighted_average,1,0.0,,
3f0fc7edb0c4b0e00c8fe38c704b99e06912e6136061c07e06ba95d62b0e8b4d,0.0,LOW,0.33,weighted_average,1,0.0,,
114eca88fb47117ee9717037b066acaf102fbbc586e21fb2c582c68784d4637b,0.95,CRITICAL,1.0,weighted_average,3,1.0,0.8,1.0
7077fb73a47d0374b162d9bfb620db563520176903694c5c2837c0c5c2ae6954,0.095,LOW,1.0,weighted_average,3,0.1,0.2,0.0
43c4af5127ddf16505790132b369002bb3af1dd6e8851c14c8cac75e2e93fdc2,0.0357,LOW,0.67,weighted_average,2,0.0,0.1,
a982fe5d773ccc066c2232e2217e9c5fb3f4819ee46b97c20a40beda23f3a573,0.0,LOW,1.0,weighted_average,3,0.0,0.0,0.0
6926e6d704e730b0bd8399e35b02e5db2eda6442beb1234278b1df7b515d13eb,0.0,LOW,0.67,weighted_average,2,0.0,0.0,
3c281c44101be0143ed08069aa23ce511c842557a15e9019bc180b2e89064a35,0.0,LOW,0.33,weighted_average,1,0.0,,
2cdc38076f6118b978e1e8cdd7db7ab68c72ba709f0276fcff8b230aa284bbca,0.2,LOW,0.33,weighted_average,1,0.2,,
20c80a43e55b37933c73e7ed591965ea3ab32cd40e5fa964292ca59b75fdaf09,0.2,LOW,0.33,weighted_average,1,,,0.2
924c2261e511d2efc805d7c20ad39ce9e52f34922bd391b5dab1488225bd4cc3,0.5,UNKNOWN,0.0,weighted_average,0,,,
162079c53df4b1b8739738ac115047cf616fd249c74d70753d87ec6bfa2ce968,0.7,HIGH,1.0,weighted_average,3,1.0,1.0,0.0
36fd6de58ef955aeb0268782974821f18e6af71332dd5b1f776799fa1a657ede,0.0357,LOW,0.67,weighted_average,2,0.0,0.1,
fbcbba9f66a9cec12b9310fdeb8bf072b4d8540ff4ed236cc376082810c5ab41,0.045,LOW,1.0,weighted_average,3,0.1,0.0,0.0
0f13a1bc97c523b29e1adc302a93a0736f7e524532e98a278a177c50e4eb9f4a,0.0,LOW,0.67,weighted_average,2,0.0,,0.0
796f850179c5921158509466055dcb5fda36aa7b5150ee32c0d4d611d30d7570,0.0,LOW,1.0,weighted_average,3,0.0,0.0,0.0
1f4a22549ee5caa3818351ec90468df4f5c8c4e89e5ea3bbe184780157f92224,0.7,HIGH,1.0,weighted_average,3,1.0,1.0,0.0
0f8c2c607ad788a7a68ad4c3a0aa7658e9734c94f8beb6f61405e123199e25e3,0.64,HIGH,0.67,weighted_average,2,1.0,,0.1
45656db82b1bdb95063c934e83e42c12d0e1ac2f78bcc6bd8be9c04daba41495,0.0643,LOW,0.67,weighted_average,2,0.1,0.0,
cebaa80f643875865bd4c4bb4c19bb1c0682f5e931b2b08f161f0ee1d98f820a,0.0545,LOW,0.67,weighted_average,2,,0.0,0.1
525ac5373cdab6450fffd66d69005a89b5ccee00b0665e9c6c6f1a507008d959,0.215,LOW,1.0,weighted_average,3,0.2,0.5,0.0
49781ed090bff712e342ab18055320543e3c4a33df910ade36ed040d3a481530,0.0,LOW,0.67,weighted_average,2,,0.0,0.0
e0dde95199b5b1c42875e5b8e3533a66b878c121469d27e734d84dd2d6073794,0.0,LOW,0.67,weighted_average,2,0.0,,0.0
1a7b2406666d82ab7855c0debbedb45b279f2008a52f4b978b19f7047421c3f5,1.0,CRITICAL,0.67,weighted_average,2,1.0,1.0,
abc1f31f5ad0042fdb53c9db97d9f78ccead96e5b004eb6aa1c4bdb93050c2cf,0.7,HIGH,1.0,weighted_average,3,1.0,1.0,0.0
4a64f9ddffe7b22773fa3b1e868b86aaca917b8a0bdbe92a52afefbbe51bdd42,0.0,LOW,0.67,weighted_average,2,0.0,,0.0
f90be4a6e11998645fcdbc5f9d05f2be6ae15e227f843bab7a5719d58265fa76,0.0,LOW,0.33,weighted_average,1,,,0.0
63364e9ade57e460f8d684f04e24067b1ee41a9492362398b237c622ff42259b,0.0,LOW,0.67,weighted_average,2,0.0,,0.0
a164f1dd42ff1001a3f980586e7bf4425cac974d8e2ba5bedfbb400854bc4b0c,0.735,HIGH,1.0,weighted_average,3,1.0,0.9,0.2
adb25633c0d96eb882027d6384725fccd1d234a20541ab8215210af068c8befd,0.0,LOW,0.33,weighted_average,1,0.0,,
04db60f844de5c37d48a045c1b18bf280fb985d13c201dddff4e51091d6882c6,0.405,MEDIUM,1.0,weighted_average,3,0.9,0.0,0.0
b16553d153fe8b34a4b1c9b800148a6193178823a5693c47dded14becb935b97,0.0,LOW,0.67,weighted_average,2,0.0,,0.0
7ca8e28017b6f1ea42e6cb5e57f0e74098126b3e37a4b7b745ffea31febf470f,0.0357,LOW,0.67,weighted_average,2,0.0,0.1,
cf144fe3555c660a6f78106c23969a528d73bf278df5670220e9aae5cf2d7d29,1.0,CRITICAL,0.33,weighted_average,1,1.0,,
cf0bd683283648024088eff2413cb7aa15a248bdbab1bc01d6bbb5eef7a7a4f3,0.0,LOW,0.67,weighted_average,2,0.0,0.0,
63763f122a10aea9e334244a52b1992bcc7782bc0b70c4587aea622097b2d96f,0.1,LOW,0.33,weighted_average,1,,0.1,
f1aed42bdb33f8a7a5cfb49d81b4479fd7e416929ccf74d4cdc55844e7e70486,0.04,LOW,0.67,weighted_average,2,0.0,,0.1
e1334d3305cf16c2761220426122a83c0ed645effd74d497dcfd0593964e25a7,0.0643,LOW,0.67,weighted_average,2,0.1,0.0,
16f11caaeb7a526f5cebe2c581db8908a3857e08bfab4dbd5bc462d21723f183,0.0,LOW,0.33,weighted_average,1,0.0,,
54a79c402d8f7913145b389118fa1f957935014e12d65bc03b65996ef5a92767,1.0,CRITICAL,0.67,weighted_average,2,1.0,1.0,
0f23938b83bf1425b31b54621f3c3885b6db7babfe416e533195898d08d734f6,0.0,LOW,0.67,weighted_average,2,0.0,0.0,
2384d1b65501de2e0c9c4193cb96adbdbdebfd5da1d90d1982552d73e5fccde2,0.03,LOW,1.0,weighted_average,3,0.0,0.0,0.1
394cb08cfea01deb852c4cf04430b73aa37309b031fde95f4d0cb4fa52aa8a88,0.0357,LOW,0.67,weighted_average,2,0.0,0.1,
f8e1cacf6ae5ec080738e6d1ee76a9e464915e045dfc06a2fbc1cc792a18f4eb,0.3,MEDIUM,0.33,weighted_average,1,0.30000000000000004,,
5d48955ced2cf1775e0606ea65bbf7d87d4462ebbed2340b05c1172a3ba5938e,1.0,CRITICAL,0.67,weighted_average,2,1.0,1.0,
5f16c0c12d940e20ac941205def3fe82ec30891827ea85d432115d07be5d85b9,0.045,LOW,1.0,weighted_average,3,0.1,0.0,0.0
e0e7d95b8b26d59dc1978302e8bfdaf5ad0143f89c78defd272cf8ac68683fe7,0.91,CRITICAL,1.0,weighted_average,3,1.0,1.0,0.7000000000000001
30fdc973f9e942fcb993f53a52e246848ec258e12fb18f44ca59ee6bcd1b6e30,0.1,LOW,0.33,weighted_average,1,0.1,,
aec75a855826668cb0fe29ffd11f32fedbf10f63978003d5c56211408a38d408,1.0,CRITICAL,0.33,weighted_average,1,,1.0,
ee105d16089a2556e2ed759814646240e555c6aa91734b461812363c9df9ebee,0.0,LOW,0.67,weighted_average,2,0.0,0.0,
aadba1f87e595a724df3e817a2d63d46b77d6fec15df61095f9069e083d40c3f,0.0,LOW,1.0,weighted_average,3,0.0,0.0,0.0
3d3b99eddd8169b8a995d6a7ac9045108380d61574f5eb6c0b37bacac109df17,0.0,LOW,1.0,weighted_average,3,0.0,0.0,0.0
c6e0cbe15c3fe10285f59cf04e542e3b1959be9688c13bf38b9c8adcbb09f740,0.0357,LOW,0.67,weighted_average,2,0.0,0.1,
628df2f44206edc0a6e804a1a515f6f80df9a2a26fc6f01c85b88f3445f4af67,0.0,LOW,0.67,weighted_average,2,0.0,0.0,
aea6001da502a3a41becf5bb41866b07640bc6cd5acf3d6585d4bb5e5e997961,0.0643,LOW,0.67,weighted_average,2,0.1,0.0,
0b8ee921e8ca0ef23d536f6440e21bc7b400a37f3852b81b63f49b8c4fc0f58a,0.0,LOW,0.33,weighted_average,1,,0.0,
91307ef91f62f3bdad79046b2852b93df16960635511d8cb790d5d65095e5364,0.385,MEDIUM,1.0,weighted_average,3,0.8,0.1,0.0
ee28a8808724ede320947d3e1f12fc58ed938f4a380bd096bf75ae79d56725a7,0.0,LOW,0.67,weighted_average,2,,0.0,0.0
903406eb6ff874a6171fd3559ea6255a7edbd78f4b94c884c9bf1d6e6e703499,0.0,LOW,0.33,weighted_average,1,0.0,,
5e894f41e8c7bbec9e935c42d3e71596edf4e927913640dc8d1ad56d998ed183,0.525,HIGH,1.0,weighted_average,3,1.0,0.30000000000000004,0.0
64ecbf4a9192aa7d5d8a7aae46f1c562e03a4269889d159b38b83b250ce4a013,0.48,MEDIUM,1.0,weighted_average,3,0.8,0.0,0.4
746c69dccf99003dd659d5d194c06a33687c2026640f1d47207b5ff8f36ba002,0.705,HIGH,1.0,weighted_average,3,1.0,0.9,0.1
4ae356e0ecbd48bacd555ed73c0b54f4d6dab8b49a66d4b383d0c7ef9da28607,0.0,LOW,0.33,weighted_average,1,,0.0,
5591150ebc41f3fa6770ed9e84d61c04c087c7a6acb62400de8aaf12984d6e84,0.9,CRITICAL,0.33,weighted_average,1,,0.9,
2d813b7be7d9bf95252e3d9b2e228ccd1127d9224dca62f0ce7f0dc8c0fc3f3c,0.0,LOW,0.67,weighted_average,2,,0.0,0.0
9e10560be5813c9babcc486515f40e6ad669cb33a32fb075e8dd69a15e75a404,0.0,LOW,0.67,weighted_average,2,,0.0,0.0
40a5e213a38f1eb1ab1bd41595acbb3c82bbf9d824f54e45df43d5c5a451cd09,0.1,LOW,0.33,weighted_average,1,,0.1,
1f465f862869a8fa8237ff3bb18853a4b8e8ab8982d6a55ac8c4823a47b29817,0.025,LOW,1.0,weighted_average,3,0.0,0.1,0.0
6135dbaf43eb9d1e2ee04e0e18b8cfe0f9cdfcaa154014dedb5920d6a088cfc4,0.0,LOW,0.33,weighted_average,1,0.0,,
47b472c310210ad51bc6e9179e460c535b4216501b3987d25e99735ce6c3f095,0.8357,CRITICAL,0.67,weighted_average,2,0.8,0.9,
da551db8201e29fe267c27076ec548c165074e76256b4971d4b351e52811b361,0.1071,LOW,0.67,weighted_average,2,0.0,0.30000000000000004,
c018dae717fa3fbcfaf456b8fff1b12ce20821e43960827b3d058f8304256489,0.0,LOW,1.0,weighted_average,3,0.0,0.0,0.0
182308a17af473e1ee284b0c2dd500026e2c9a088d2d36e7fb19bece5158e230,0.0,LOW,0.67,weighted_average,2,,0.0,0.0
c0fe953513069132cf2acd549fbe830a847af0bac8f995a5801a59a6bf51c1a0,0.0,LOW,0.33,weighted_average,1,0.0,,
da2d9a9b894ff75b1bbc008bdf55df0c9a011587774776683d95ddee2d493c7b,0.0,LOW,0.67,weighted_average,2,0.0,,0.0
6bc36c72bb77f021ac56688bb27f46c8f3080a622c572063317bbb86e9de59e7,0.97,CRITICAL,1.0,weighted_average,3,1.0,1.0,0.9
21238ce4a7d620e6bd0cd77c350ecfef9713a15c7c88e78905a37749f939b461,0.0,LOW,0.67,weighted_average,2,0.0,,0.0
76b07edd455792dc56abee31915b75b41397d56a7110387d8a73c15fff7abcdf,0.5,UNKNOWN,0.0,weighted_average,0,,,
dc388d2c4e4bf3f05eea9fb59961640d4ec2ddab1d9f2b8ea3cc92f3242dbc4c,0.32,MEDIUM,0.67,weighted_average,2,0.0,,0.8
fdf4462a111d8e23358b082e0715ca23ce8a9435e5fba6dc559ef1ef99d7cb5b,0.4636,MEDIUM,0.67,weighted_average,2,,0.9,0.1
d6677feefebe479c8c3d4cf99e27603880750c025594486e6efaf25de5cc2e52,0.0,LOW,0.67,weighted_average,2,0.0,0.0,
060112574e9338b1b0e2192068125854d65825c733d7bd07d8150c51f1b22b90,0.04,LOW,0.67,weighted_average,2,0.0,,0.1
61e7b591da452550b09836f665912b238bf0c1dd3734ba8012f9dfe2854aa341,0.73,HIGH,1.0,weighted_average,3,1.0,1.0,0.1
da0a5d9692de4364c470282d7d088f3ba48f1c31c5041ee657e02ef6fd87b73d,0.0,LOW,0.67,weighted_average,2,0.0,,0.0
162321274ebcb8ce304d88dcec01afb195a51c0f6d2a3f70c893f015c3c16f29,0.05,LOW,1.0,weighted_average,3,0.0,0.2,0.0
c0ec74e8f9f5bc5b1370075121fdb553f1e1ff3fcd54ccbc033dc1066530590a,1.0,CRITICAL,0.67,weighted_average,2,1.0,1.0,
9af5e0ad21c1b8aff4ce3f686d1c837d802d7ed960dc92c67aa0cd7e19c4ac6a,0.0,LOW,0.33,weighted_average,1,,0.0,
8be8ccd14b30799f20ea7b5e838980635122fb2a6ef5324e7d86bf41cc8ea249,0.0,LOW,0.67,weighted_average,2,0.0,0.0,
11b15263f2bab676fb96f3ad898e4c36e5b39e6e6dd5ae22239937258ad110ac,0.65,HIGH,1.0,weighted_average,3,1.0,0.8,0.0
477329a515a1edc201bb3470120ac66ba513d14f1590ce2f4fea9ca5f95fb0d4,0.075,LOW,1.0,weighted_average,3,0.1,0.0,0.1
cc608832b7ddaa4f4d87c05930937035c654f7037e8dcc69c434579845f3fe09,0.0,LOW,0.67,weighted_average,2,0.0,0.0,
c90be1bcb5e3d4b2b88c7c898dc9099072213ad77a69e46f7a8d5fa4acf1326c,1.0,CRITICAL,0.67,weighted_average,2,1.0,1.0,
9386a64e3c1df7144c7a0ab4f120e19c3279d920cb8faad85ca9afff3c04d82a,0.6,HIGH,0.67,weighted_average,2,1.0,,0.0
d41ef4baff757e71dfa62bfbd77997595706f81ba734bfb34fd415be79488581,0.0,LOW,0.33,weighted_average,1,0.0,,
3bf250a7c9facad0f2bbc923fc2d4e70e7e5b5f8060cbe694a781a21729418ed,0.1,LOW,0.33,weighted_average,1,0.1,,
1feb6ac117ca3ca5d53d04b514949edbdc915d49469e3f8c185aa7ae3b27a1e8,1.0,CRITICAL,0.33,weighted_average,1,1.0,,
6bf3e5075c08889d55b817cc9815bc47103fc0b2f85601966235eb86b32d706d,0.0,LOW,0.67,weighted_average,2,0.0,0.0,
f14a2a73e3162b4733f6d44a6457f42d5d60328c146c1e7f488e408b05a71729,0.0,LOW,0.67,weighted_average,2,0.0,0.0,
77477bb54cd18d184fefdb61d8010c81fe45339d5b943cad68d009814a47c267,0.0,LOW,0.67,weighted_average,2,0.0,,0.0
f266919a0ce5587c8bf3be991557cd0c0e94bbd128bf316d53d3364a63e88868,0.0,LOW,0.33,weighted_average,1,,0.0,
3019222d20676ce795138bcdcbbe95f3f377366f79207b6dd87141dbb798db1b,0.0,LOW,0.33,weighted_average,1,,0.0,
55af5d013d0ca4518baf49a0c0b4ee82d0192fc5a94d212b6075ae07208f4c18,0.0,LOW,0.33,weighted_average,1,,,0.0
a71a3758ca7504e7da432c7072f91206e8b676c6ba285644284173a52bd31a58,0.0,LOW,0.33,weighted_average,1,0.0,,
c749be1ab924f5531c0e7bd5595ec1c1db0846d03a84a944034048962c43e404,0.0,LOW,0.33,weighted_average,1,0.0,,
0b08da79eacbddab873025861764d1b9cbe88aa5a85669a8bf6353229b760c61,0.0,LOW,0.67,weighted_average,2,0.0,0.0,
0a7c519de75c7ec241abe52454c1e4249fc3ff6d6bfd5552b8ab9f298205a9f3,0.8,CRITICAL,0.33,weighted_average,1,0.8,,
e4966ca8687e81bd3f1132d45e69547889f587c988930784f7e1da1cf89f3c30,0.0,LOW,0.67,weighted_average,2,0.0,,0.0
8ef21eea6a237d24193e6d6806252d8026d6caf4ad805b1a295e17e467eeefeb,0.65,HIGH,0.67,weighted_average,2,0.9,0.2,
ee775d2d9e506d3d17cfd276726e094532193443172e2f13c567ef339d90c2e2,0.025,LOW,1.0,weighted_average,3,0.0,0.1,0.0
c1828cb56b3a55ea6d6a7d57e7fca3f99bf3749da6269af5e61bc23202876ebd,0.0,LOW,0.67,weighted_average,2,,0.0,0.0
0083f7dc13c08690a7771a899be15f40337bfbe8c7d6a810a4168a45054ebb16,0.025,LOW,1.0,weighted_average,3,0.0,0.1,0.0
3b75b1d2e05d88aee67702751eadbc2efb6ef3a9fd813d1c8b35cf13544af7b4,0.06,LOW,0.67,weighted_average,2,0.1,,0.0
5d4f84aa2c6eae867f7691d095eb5dc36a2af23433112fec3c1baa68d0ac33d9,0.0357,LOW,0.67,weighted_average,2,0.0,0.1,
d8bc7e52ef66254322ef2187988aa9fdae5f4b1373e63a5f54a6ec39edb7f999,0.0,LOW,0.33,weighted_average,1,,,0.0
218e343e052ad9f74b2bd79870d89cfd7967dfb23cc24016a7f048d41f4d12a9,0.9,CRITICAL,0.33,weighted_average,1,0.9,,
a5a88cdc9d86b033eb936d5f656281b09eebbc6c37a3c94a24c3d3a2a5ca970b,0.0,LOW,0.67,weighted_average,2,0.0,0.0,
8b0ca503c1475faae919a4f4740612b13f8ffd045942f25344b68c7acff20011,0.5,UNKNOWN,0.0,weighted_average,0,,,
9d7cb1b4dcd5cd4f90b6c3a52d5a0d786d391742fb85ebb147c0ac1b2b0263ab,0.5,UNKNOWN,0.0,weighted_average,0,,,
deb6a9f860cda117eeb0e5f1acf4aa4567eb0eee027f64b4a484ca13ab55c77f,0.1,LOW,0.33,weighted_average,1,0.1,,
6ba75926a685713a83d6d87383e53fed302084eed317ba440ec2fe7d70480711,0.0,LOW,1.0,weighted_average,3,0.0,0.0,0.0
e7645401a79c55d1b06e1449bc3b73354dcaf692137fe888ff26ec23df244087,0.0,LOW,0.33,weighted_average,1,0.0,,
aa44a58b4d66898700a19d21e95df37b33d3b93ba59a2775fecef64111d8bfa0,0.0,LOW,0.67,weighted_average,2,,0.0,0.0
e24de06c0196575c2560fc47322559dd11ff6ae52c54c859073028f91c6cdb52,0.0,LOW,0.67,weighted_average,2,0.0,,0.0
f3b5517d1327a852b77b4a85589a125181c55a3b8790a63ff0914324429cc679,0.0,LOW,0.33,weighted_average,1,0.0,,
e34d5434767b5f2253c702b574c7eb2383c5cf09fde27be0b51a4cb916be3de3,0.0,LOW,0.33,weighted_average,1,0.0,,
c57f7f883f1a85822c8ad1a43de8e256d3b3d90c7d4c83a713b92b9f9a61497b,0.1,LOW,0.33,weighted_average,1,,,0.1
eb2455b221543e777a7d3ddf690a4a5b9ce615be706262b5eacf7de02be78ac6,0.0,LOW,0.67,weighted_average,2,0.0,0.0,
781dd1cb3e62f6e1fe075265e712ee7d31e2a7f32d6ad4d5f35073487ad70482,0.0,LOW,0.67,weighted_average,2,0.0,,0.0
b11ac8e64c2ed510d8feeb4f4e6ee04dfaa637c28e58318cb8d92ced0a34a130,0.0,LOW,0.67,weighted_average,2,0.0,,0.0
1d5a501f2ea87144ac5fade6b918263b345a36eaca2c9f98b8dcb5e8d8008b42,0.5,UNKNOWN,0.0,weighted_average,0,,,
24385aef71c707abbedba2619168532ad4c8b3334f2cae867fcb3a07152447c0,0.03,LOW,1.0,weighted_average,3,0.0,0.0,0.1
72e0af4ae27d381fde5646aceb42a1aa2dfb6c0a5ec1a1b287f580769702d882,0.0,LOW,1.0,weighted_average,3,0.0,0.0,0.0
36a29dfbbff66588cfd166da93b01639f623c04ef9b494635f087e93fa48e021,0.0545,LOW,0.67,weighted_average,2,,0.0,0.1
187d183388c9282deede04a1884f5e058837fdce154a93dc7c379f7e0f4e9afe,0.0,LOW,0.33,weighted_average,1,0.0,,
242ad028485dfc35625695d37fc81d3c238657419fb7afe476f636b51ee7d00c,0.0,LOW,0.67,weighted_average,2,0.0,,0.0
66141e340ae638db0d27b061021153dcb2b29dd4acee42722618fc3e96be0c76,0.04,LOW,0.67,weighted_average,2,0.0,,0.1
bf73d738b07621eb7e8f211e0a0ecc325b5f1379302309f321df772cbd00c474,0.185,LOW,1.0,weighted_average,3,0.1,0.2,0.30000000000000004
ffcd27313614a0c2bf7db10cb882fe494a976b59c2c0832743e6bdf27bfa3668,0.0,LOW,0.33,weighted_average,1,0.0,,
c2b88a23b7b15a597134363becebb829843405b95c3f1aabba19284915fe2523,0.0,LOW,0.67,weighted_average,2,0.0,0.0,
300abe8e35ffd6ae46888050dcd3b033c48f01cdf2de87950585062c6dd0a017,0.0,LOW,0.33,weighted_average,1,,,0.0
97e67eec02f83595b735f8335cd6d6a9331ccdbc784f9125132065358a387483,0.1,LOW,0.33,weighted_average,1,0.1,,
8d791691ce596c9a44d328a31dc0b7243c5444937cafb6351e808787979d56bf,0.0,LOW,0.67,weighted_average,2,0.0,0.0,
8d32ef7511805e885c798359fa217b36b42f7dd4a3b6f92b2ef31ada541c0ba9,0.0,LOW,0.33,weighted_average,1,0.0,,
60fe7fb0dc11f6a315d4643e271d8460085f819de7bef5e0bd8fa09148f27eea,0.04,LOW,0.67,weighted_average,2,0.0,,0.1
b6fd2735307d1994b7ff7c2d8d7c963d9f08e6b6ae01c150e022db85ea6c37f1,0.1,LOW,0.33,weighted_average,1,0.1,,
6d3bdcf6258f2fb6155dc5f0685e984ab573098caebd5d87b0054e2ba96af910,0.1,LOW,0.33,weighted_average,1,0.1,,
3e88b80617212c8dac854dd850db9ca75f8b08a49ef9ed09f0bb42ed1a37138c,0.0,LOW,1.0,weighted_average,3,0.0,0.0,0.0
71b1d5e3d4f32a4f0364d59f6886978c225d3f9cda704a462fef5e1bbc5262b7,0.34,MEDIUM,1.0,weighted_average,3,0.2,1.0,0.0
fbba1924f25eb0e12ce7a23205e73494e258386212a941543d419ba953178563,0.05,LOW,1.0,weighted_average,3,0.0,0.2,0.0
adaff123a960f3287f0cb90294771fa5e4003c7090d879f49ff20e5ce19155d0,0.0,LOW,0.33,weighted_average,1,0.0,,
9bc8a9faf707f745ca94e65a926db6999745d45544548571c904b4eaecf127c3,1.0,CRITICAL,0.33,weighted_average,1,,,1.0
d94e84af79f6acfccf8295fc6bb94ab8da3ecb6b77c5694b828488a6385d6e80,0.6,HIGH,0.67,weighted_average,2,1.0,,0.0
bf914e110ae3ae27c1482c285d127fbdad5223358e12e8c198183a8eeab3eabf,0.0,LOW,0.33,weighted_average,1,0.0,,
c287e3a30c41a17e9d21abbdfeaaa38980bb7ff90dc5d926465285fd9eebba23,1.0,CRITICAL,0.33,weighted_average,1,,1.0,
e736aa84992272e01248e5891248264769b58e409a80c6d7e5deefb03440f2e7,0.025,LOW,1.0,weighted_average,3,0.0,0.1,0.0
91fc8398471fbabe08119cb61e9605460b4b11090a2b708969b253cc8abf7010,0.8,CRITICAL,0.33,weighted_average,1,,,0.8
36aa06ba43c548dbfd72f2b1e7ad3452f1428a8f291659b8f20e0b9912b904c7,0.705,HIGH,1.0,weighted_average,3,1.0,0.9,0.1
704a9810e770b98e547024089f097ac6a67ff8006516e26b52b2df0d29ca235a,0.0,LOW,0.67,weighted_average,2,0.0,0.0,
b582c2f133b62f18742ab85b452c6cd6646b9c68f9e3bbdeca571d063b8cf110,0.0,LOW,0.33,weighted_average,1,,,0.0
a11c0e884dbccf39408af498b7f9804c486d9bbe80cb7298cede3ef607f53aed,0.0,LOW,0.67,weighted_average,2,0.0,0.0,
a216fb2b4d3f916b991a3dbff5c20ff2ef54ea2853663d93ef172de3393349ce,0.0,LOW,0.33,weighted_average,1,,,0.0
af911adffa781ab861b0a3d70b60dee8ba0022e3c1bebeb901f268a222534fec,0.0,LOW,1.0,weighted_average,3,0.0,0.0,0.0
c653728c8fbdea331532346016b56a58a1fce3f3c25525425c3aa1176b07769f,0.0,LOW,1.0,weighted_average,3,0.0,0.0,0.0
4e8c02cfcedaeb57d6008a41cdb81a95f9e687c0f663f884014937ebb9e0bc99,0.0,LOW,0.33,weighted_average,1,0.0,,
9bbe84e1720d929c23eedac410414fca6d3fd6d84c52c65612334859de5c62a1,0.0643,LOW,0.67,weighted_average,2,0.1,0.0,
37ca1c96907673c9d1619478f7fe7dcf2f8479b2233efa523b2a188f48135d6a,0.06,LOW,0.67,weighted_average,2,0.1,,0.0
7a9098df56478ef474f8bdbd39c9a86094a090f82e13070b7123cc2157554d22,0.0,LOW,1.0,weighted_average,3,0.0,0.0,0.0
ba18ec72678c617b9c6c7739d98f0e3126d0c7d3342c884969896e2c11e6d6d6,0.0,LOW,1.0,weighted_average,3,0.0,0.0,0.0
0c4371074afd93eea2b88a8945dd269521dfae1ed54518fed96a160113852392,0.0,LOW,1.0,weighted_average,3,0.0,0.0,0.0
9170ce054a086b59ecae41c18397570e6d76e5114ec08961cbf1a9ac5efec110,0.0,LOW,0.67,weighted_average,2,0.0,,0.0
110839824bed5be37499ef90da88ef921c99cad0edb27d1420600e345018e242,0.2,LOW,0.33,weighted_average,1,,0.2,
4ada0f678a4a63a21a60e5049f6750319a7aea50b54848f7be02336949eb6fce,0.1,LOW,0.33,weighted_average,1,0.1,,
8047ae736906c906847086b1ce220a7ea686f8f33a53e7ae285848513d8c8b95,0.0643,LOW,0.67,weighted_average,2,0.1,0.0,
9ad466915716206db3a06e535198f590b133efc3fbf5f94df0568be54536a443,0.0,LOW,0.67,weighted_average,2,,0.0,0.0
8cbf39f9372bef91c172ffb3521b1e246f4b145e69c8f23ba4cff5fcf2b7dd96,1.0,CRITICAL,0.33,weighted_average,1,1.0,,
ebc0f9f585f6a456442bcf69707a7b61a73e62f781e07c12320fa791ae67bccc,0.435,MEDIUM,1.0,weighted_average,3,0.8,0.30000000000000004,0.0
bde090e547934efb6931d585444ea06743b8040bbcbf3e96bd032d8f7b2a3ac3,0.0,LOW,1.0,weighted_average,3,0.0,0.0,0.0
6267df1d542c9977fcd76beea217691e30874a310ed5a569cdecadf2997733fd,0.0,LOW,1.0,weighted_average,3,0.0,0.0,0.0
377415d917c76bd6d74ab25ca65a7c1a879e97cfd9a84feffe541c9bc54c87b8,0.0,LOW,0.33,weighted_average,1,0.0,,
91cf9081e105639bafba69b83827bdf46bfaf1c98849c74f729a89c326441ef6,0.045,LOW,1.0,weighted_average,3,0.1,0.0,0.0
83a87611702224bbed651c63a64713b0a5b3bc69d9cb0ffa19a093363b2df13b,0.06,LOW,0.67,weighted_average,2,0.1,,0.0
c7c391caa7bbff87ac8737caeed63b4607f81b97116cc83018547f004706cf28,1.0,CRITICAL,0.33,weighted_average,1,,1.0,
c284a012c277fe617881ffb53750b41ce03ff3df75cb641ee7e6bb1c36bb1a54,0.1,LOW,0.33,weighted_average,1,,,0.1
418d263aac742c0c8da3d66e09cf4a2697c2170814325e71034c2da4ce1d6914,0.1,LOW,0.33,weighted_average,1,0.1,,
0ca984be354196d012b9fa6f9bc3f75c03a6d768703598b3ce52e1b22024e9e9,0.54,HIGH,0.67,weighted_average,2,0.9,,0.0
6e5a137d508ebbd3f49455f49f7ad30b4e1218775b7e5d257666eb42deaaab3b,0.0,LOW,1.0,weighted_average,3,0.0,0.0,0.0
df1f856c44d471eac01594a1965f94c26769cc45f197958c7ed140ddceefb5cc,0.0,LOW,0.67,weighted_average,2,0.0,,0.0
3a1297f38f23da7c5ddf42e974a4d3bbc0440f26a97b66f213763b9286a2ff1b,0.96,CRITICAL,0.67,weighted_average,2,1.0,,0.9
52148533c794a394273a40a12ea676130c6048a4fca70816d6a0c81ec5f41815,1.0,CRITICAL,0.33,weighted_average,1,,1.0,
fc1ea3e6fb046f2237ed46908cb1af4d4ea5b3724c0572aa35de1975f2922e08,0.1,LOW,0.33,weighted_average,1,0.1,,
c71422aba467216d8a698c9f0d08c7f26533515382a391576b2ec7cb808f40d4,0.2,LOW,0.33,weighted_average,1,0.2,,
3ef477695b7d8f0aecf7fc8641867b531540229278fde34852656c33878db551,0.5,UNKNOWN,0.0,weighted_average,0,,,
4ab88d676cf7293a20d2ef03f148c48ecc439603eec3ba28ecd14baf3a64db55,0.0,LOW,1.0,weighted_average,3,0.0,0.0,0.0
25bec610044dfd9d2ed5b75ce5d8b7b9fc6d7dbade945b73f29ed3ac5206aa17,0.385,MEDIUM,1.0,weighted_average,3,0.8,0.1,0.0
a65562f4d44c2f1bf49017c8702f265e08eb2b1814bcf9715a5d8e7ff5e4ab24,0.0,LOW,0.33,weighted_average,1,0.0,,
8cc5721adb8201c4812395d8f0bab7c3c9b1a126e89bc72ce0492c06954842c6,0.0,LOW,1.0,weighted_average,3,0.0,0.0,0.0
212dafe385e0f1c62a87bdb0c0b242a6fc0e7c01ef427aa2224c47772400d254,0.0,LOW,0.67,weighted_average,2,,0.0,0.0
8ecc043eca438ee3e9209fafd549d9ae526f67188299fb49c8579735dd3a83da,0.0,LOW,0.33,weighted_average,1,0.0,,
9024d63b199b6a2b90fb472ede80a9151c7f8e2886b6c64d4e669cc39a0b9b16,0.0,LOW,0.33,weighted_average,1,0.0,,
6b1429bb15888294893dfa97ee641c11ac2904836a5f199febf762a03bff8a81,0.0,LOW,0.67,weighted_average,2,0.0,0.0,
980ee9b099cbd7b50c7a5787d899e8442f5cd47d33f14c6c0a29c0cc0043db67,0.64,HIGH,0.67,weighted_average,2,1.0,,0.1
bfce670e9a9f0f25a13ca7e69324d9eb6efb019a8e7cc61a54ceba8f08e2c140,0.1,LOW,0.33,weighted_average,1,0.1,,
698867a10be710784855c918507646d3ac0eab4046c1c678af046861617b35f3,0.24,LOW,0.67,weighted_average,2,0.4,,0.0
0490725b84884b8fc932717048280044e463d8ed0d41d4d149e14297349a7559,0.6,HIGH,0.67,weighted_average,2,1.0,,0.0
f257ad5a9dfb881cc893a5f46c5c466082c377160e60cf6df459b802f894fb09,0.045,LOW,1.0,weighted_average,3,0.1,0.0,0.0
d6496a297dade66736d50f64e092dbc737fb6d3e0d1180ced484f668761ad669,0.0,LOW,0.33,weighted_average,1,0.0,,
106c8734385e28a0f101bdd42dd3c560a7d8dc8b1c8cb9be4313645f61b3bf6f,0.0,LOW,0.33,weighted_average,1,0.0,,
4e561057de7a7bd3c173c1bc7cd0fc79c94201b3667b521d36f8c08905350ce3,0.0,LOW,1.0,weighted_average,3,0.0,0.0,0.0
2eed83094f128b8d73c15d54193538f9c90613a0af70b2d21bcb36a8eed158ff,0.0,LOW,0.33,weighted_average,1,0.0,,
d52ded8e392babc7b5877192e54d6465ad99ed3a5aedd9e596cf7718d1b21438,0.5,UNKNOWN,0.0,weighted_average,0,,,
27346947d970e8523052706cc22708f3e7e5483b69721e5bbb1290f38c4a0779,0.025,LOW,1.0,weighted_average,3,0.0,0.1,0.0
c0c2da0df453273a33acefbde8f3d1c975eb9d7d5893f4ee9d6eb3c3f3f1d904,0.0,LOW,0.67,weighted_average,2,,0.0,0.0
e5211e4f22980e09d4868cc8c5ea1c5a2ce95eda3c12f9c7e2e487f6df1647f9,0.0,LOW,0.33,weighted_average,1,,,0.0
baaf940247f0871306a4f325ce9a2585a62dd4343043d982a27fdd4797487de6,0.48,MEDIUM,0.67,weighted_average,2,0.8,,0.0
c36a0c4bb75a1bf9fdb7c228532fcebb17445b21250b709ae6e5054ea1dc81de,0.3214,MEDIUM,0.67,weighted_average,2,0.5,0.0,
7c9710c7408da69064ac87282d478ec293db2730c026588242b1e26f205856f3,0.0,LOW,1.0,weighted_average,3,0.0,0.0,0.0
276345867f41742c8ab245528eb14dd2e5831940255a078fb2b3ef0f505ff0e2,0.0643,LOW,0.67,weighted_average,2,0.1,0.0,
42f23dbf2bd90836763347f078e8b49f1b719bf50804d7f9125349c991a32038,1.0,CRITICAL,0.33,weighted_average,1,1.0,,
51cd97341dfffdb5586b7c419986e1bfb01baf5b3dd4169bdd01e0d364d7709f,0.0,LOW,0.67,weighted_average,2,0.0,0.0,
0e65c87498082f54a84ae13dd3f84c608070737de6067fe34839bce0ea5c850e,1.0,CRITICAL,0.33,weighted_average,1,,1.0,
c8b4824d8999b42ef8ea0ca88a5a8cbbe24d4a80c1bd4e887d9b78056f71f6be,0.0,LOW,1.0,weighted_average,3,0.0,0.0,0.0
a3f66b1c99cc1595acaf7ef7e5bda1fc7c5c2a9712ca1f31ecee48e537a06499,0.97,CRITICAL,1.0,weighted_average,3,1.0,1.0,0.9
fa978c505392d7451c9e9ce094ead2096ebc769c16d3df4cd8a24b4ce585be2e,0.0,LOW,1.0,weighted_average,3,0.0,0.0,0.0
a5ecde381c7d646247db0aeaceccac1c886c190a96565a6ca93d59274704c0b6,0.0,LOW,0.67,weighted_average,2,0.0,0.0,
aa61ca420dac23fc2cc78659d5e1ec704ddf415dead3498d88bda6be3f17ec1d,0.6,HIGH,0.67,weighted_average,2,1.0,,0.0
48962630d2a82208f23120631aca5c79bf72bb23377eb8f66c2bf372a140a71e,0.925,CRITICAL,1.0,weighted_average,3,0.9,1.0,0.9
7583c859332f7c19cde1a38a0862ac0bb1858519129190a6301f8ab9fd3a9376,0.5,UNKNOWN,0.0,weighted_average,0,,,
14c0883fa4e789c7dde2e00a945b2e21dec0d5052c5977d559c0dd9b39aaa17e,0.1,LOW,0.33,weighted_average,1,,,0.1
ee9d7aaf9e280d558beb12317f0370b150c7dbe535817b57f534f1b604b9c7f7,0.0357,LOW,0.67,weighted_average,2,0.0,0.1,
c3b61544c3a993877f1279101a2e6da4c08beae91a12e09f37bb0fefa83d73b1,0.64,HIGH,0.67,weighted_average,2,1.0,,0.1
5322f9eb2195b5e97e6981a640c7c0f860aa015a792b69e376bfa6f1b5db0343,0.0,LOW,1.0,weighted_average,3,0.0,0.0,0.0
e72fcdabc6ab00d6736377aa79ae07330597176ce803826748bf5d9005cb0e17,0.76,CRITICAL,0.67,weighted_average,2,0.8,,0.7000000000000001
6f003082d128809a24c7ff4afad6aaf36ae777c85dea8c62c26170ee2e4bed44,0.0,LOW,1.0,weighted_average,3,0.0,0.0,0.0
eb87ec6e3fbf764fb343bccbd169bf37e28c6e43c1febebc3c931780d80ed48a,0.0,LOW,0.33,weighted_average,1,,0.0,
b7459adb97da85dbf174dce1ce703a2ab6e96dadbb48c1a1a39b08c465b2eb71,0.045,LOW,1.0,weighted_average,3,0.1,0.0,0.0
2c9e689a0f08c230d5d3ef6db7efc17240e26fb0fedb354e63ffd0fff880e8a2,0.34,MEDIUM,0.67,weighted_average,2,0.1,,0.7000000000000001
08a89dd318b6d1f96d5a63af0f49a82d97a0852059fed147b56807f3bdd3fe40,0.06,LOW,0.67,weighted_average,2,0.1,,0.0
5618fc97d11971e855ad822348c1c133e2a539ea3f5447af6fcc3cc6e7efa9b5,0.68,HIGH,0.67,weighted_average,2,1.0,,0.2
2967175e04029f0da0437a3e5a9119a909eded4ac5d8636443bd7c10e454ce4c,1.0,CRITICAL,0.67,weighted_average,2,1.0,1.0,
3f9ae7f7de80cff33dd5e83572b9f324b24cf709d280c73fc175173e634d0e67,0.0,LOW,0.67,weighted_average,2,0.0,,0.0
5d1c94cf63a1b32fba8d1ec6ad7e89e9f5ffe0f6fac88f8561232ed0b19ee90d,0.0,LOW,0.67,weighted_average,2,0.0,,0.0
8afeb091d2b6108325ae02df2f3f9e5493f7e2ed974fb45593bfd24bd9de41df,0.0,LOW,0.33,weighted_average,1,,0.0,
e57dd04034b481358caaa1d32697f20a9d8d3edd8eb4889932ac3b60846ee2a3,0.0,LOW,1.0,weighted_average,3,0.0,0.0,0.0
ee8514724aeee9825cf0c6132cd8b88aa48e7d38c4d02ebbc444f2fe7c5c4767,0.1,LOW,0.33,weighted_average,1,0.1,,
e2a56e4b85447c2be40f2e52b651b88862211becc4dc60c71ce411890d7d2029,1.0,CRITICAL,0.33,weighted_average,1,1.0,,
bd2f189e88281d852ba29722a7ed66ca3115a95f499ec0ecb99ca4127fdcd0f9,0.0,LOW,0.33,weighted_average,1,0.0,,
948529e45f2ca500660af0f47ac53c29b51b75ca13a7901a4773265ffa395965,0.03,LOW,1.0,weighted_average,3,0.0,0.0,0.1
d4cb8907efb350d460f397bd5c85716b4e3e261e4c29964a8c0a5d83c6f3c672,0.9643,CRITICAL,0.67,weighted_average,2,1.0,0.9,
1b3c6190a911c08d062ea8ff75e03066222bda5658eac41327ce19ce8b8ef197,0.0,LOW,0.67,weighted_average,2,,0.0,0.0
6f6cedef8df31bb2bab028a204cc6171276acbe1406658300cd44810efeaacef,0.1,LOW,0.33,weighted_average,1,,,0.1
547c6e8c37a6bd18fc0729ca588e41dc819195ff1da4f337f567a61a76168bf0,0.475,MEDIUM,1.0,weighted_average,3,0.5,1.0,0.0
22c68b349d63316706bae6684f42c5de383ee5dce72154597a92517871b6973b,0.0,LOW,0.67,weighted_average,2,,0.0,0.0
e2e5f0c8e7e12a61c9469c5c198a5b60c363d431277675b66c1f046c63990d37,0.0,LOW,0.67,weighted_average,2,0.0,,0.0
fe47e2e0bf581d75ad97bc553bceeff0c383f737cd16f0acca87ec8ca07153a9,0.0,LOW,0.67,weighted_average,2,0.0,,0.0
b102a5b5a0d9c2e89a91c2bf61e996a09d4bf4dc9305500ac9828e9d848174be,1.0,CRITICAL,0.67,weighted_average,2,1.0,1.0,
5519cff711734333d0f094843eff51d1c606616d65e7ae2c97b3ade210032ed4,0.0,LOW,0.33,weighted_average,1,0.0,,
a6dc9a605b5e9fb0595158c095aa7bb6d79c62bbd9eecc37fe7fd6170c2da110,0.0,LOW,0.33,weighted_average,1,,0.0,
c56e4b3b398cc5228d63211be53f5ddd1fe1b7598c7c48ff67188c4a89fb5afe,0.0,LOW,0.67,weighted_average,2,0.0,,0.0
36c3c6b2b93619a0817cf957338802ab81cc592453c55d8b1e72ae0f015455fd,0.0,LOW,0.33,weighted_average,1,0.0,,
d475ee4c8cbff6132c39f32572344b4bc75e07348953cd6a6a4991d6ecc53d81,0.0,LOW,0.67,weighted_average,2,0.0,,0.0
af8de8bd6230ca508c37e880b9cff446de92bd1fdf2dad4e53864ead329d523d,0.0,LOW,1.0,weighted_average,3,0.0,0.0,0.0
b3f723ac4f09f78429c7459783184151258db7aabe0d41e98929e265fa43e129,0.0,LOW,0.67,weighted_average,2,0.0,,0.0
d07359559dea6e09c9c00c0934aa57490935920211df61144f87712ddc66c371,0.0,LOW,0.33,weighted_average,1,,,0.0
83b6509ac82c5168cb353d5d41fcd5b2dd5035c63614333452a63c246e8af2f5,0.535,HIGH,1.0,weighted_average,3,0.9,0.4,0.1
987dd5049ccedaafa87186c33fa6015a4a30212b7047d0a42733e36a3f848664,0.0,LOW,1.0,weighted_average,3,0.0,0.0,0.0
9ccb3e033c74f203f8d109a1a4d4227ec282a4362de78a0af9fa790b16b59f7f,0.0643,LOW,0.67,weighted_average,2,0.1,0.0,
6b0c6bc9cca07e3def1b3621faeb28c9af93ede57c4de738f4fe5440a57a0716,0.1,LOW,0.33,weighted_average,1,,0.1,
22b43dc8faf97651c71f2c6105f8caf9eea11ff3b8fe984a9321db7c4264f26b,0.6182,HIGH,0.67,weighted_average,2,,1.0,0.30000000000000004
109eb42de2c67be9beb600f950a60a6715adf1c5a71e91eefbeac4263b166f34,0.0,LOW,0.33,weighted_average,1,0.0,,
e95a9bf9113977a0781527c77fb57e7ba962ed304a7bcbf25af0b95e8c2866ae,0.0357,LOW,0.67,weighted_average,2,0.0,0.1,
5e8bf45cfe5155cc627fc6f559fc2924241c2015520db4e6f2763e245737d04e,0.0,LOW,0.67,weighted_average,2,,0.0,0.0
3d6addf2508194256573b58602cdf5a9e2d038a53226b02ff28bd4cfbb0e5702,0.0,LOW,0.67,weighted_average,2,,0.0,0.0
949e2b0be526cbcb20089690c0cd517ecc9a78db7bd6f39bd400b8638894dee0,0.0,LOW,0.67,weighted_average,2,0.0,0.0,
96fb1259c4e2c41eef312ef4db267206478fb7eddd42e059f977dcb7b207ac10,0.0,LOW,1.0,weighted_average,3,0.0,0.0,0.0
6fa1b9f66fab895f776933eb59d2cbc3d04850cf61acc8c5292ae43862d5685f,0.0,LOW,1.0,weighted_average,3,0.0,0.0,0.0
99ba872a609a0eb39527bd1b32e857572c60bfcb92ff22b244c66f3d2097d00f,0.0357,LOW,0.67,weighted_average,2,0.0,0.1,
3cea37ff4d0386e6d69f414d503cf62cc372715c8688a6dc906ede74f5460f04,0.765,CRITICAL,1.0,weighted_average,3,1.0,0.9,0.30000000000000004
011fa48d47626033df264886b3855a674556e3810f52f89c0908c7f3129baec2,0.0,LOW,1.0,weighted_average,3,0.0,0.0,0.0
ca0ec7324c1d907975b87579582cd584f5e6a19f71f9897b9ab459be98c0caf5,0.0,LOW,0.67,weighted_average,2,0.0,,0.0
76dbec128e15187de1ca06dcaf56cb372a3982b795511d90b44b300de40a213b,0.1,LOW,0.33,weighted_average,1,0.1,,
45c053fe66ddb6380289a9582800a46c9ed13e051810c76f4c787890acedfe02,0.0,LOW,0.67,weighted_average,2,0.0,0.0,
1254aa37a581637a36ceaa4c6749c188b239b15cb2333214f1e7f6109da68b59,0.0,LOW,1.0,weighted_average,3,0.0,0.0,0.0
8f23307da03d7159eb01598bc119e76d59ada61331af41febcdfd65cd8edf8f6,0.1,LOW,0.33,weighted_average,1,,0.1,
61b65188adcdc9f1ef91dba08b89f7db4fe1cb5cea1ba3aac5c73c5aa9956866,0.8,CRITICAL,0.33,weighted_average,1,0.8,,
5eb9841c707084da4102dff34b78fc08ba4320cb203a8bd8f4bab5f70f95da72,0.43,MEDIUM,1.0,weighted_average,3,0.9,0.1,0.0
fbca694a2f1a20529c6b5d20f2949223f53595ee4c526b6e1fd81f51d000c8bb,0.8,CRITICAL,0.33,weighted_average,1,,0.8,
d67a5edb8936331eb618fc1142af2e00db1cefe54d735adbb780fd4395291910,0.0,LOW,0.33,weighted_average,1,,,0.0
2def0f62f4385dd062d8177ca28d2e80ad9e1024348d146f25b856b8bb0e5590,0.675,HIGH,1.0,weighted_average,3,1.0,0.9,0.0
95807b987d77c815b209da1aa967d01a627721fe8581945671158e49910f9e48,0.045,LOW,1.0,weighted_average,3,0.1,0.0,0.0
9d4a2f13cb1518590d794a882e4e96080444dc0e29e4187893bc024cf08e0e89,0.045,LOW,1.0,weighted_average,3,0.1,0.0,0.0
31fd4e36c08c1ee90144176ad62dfaccbf6fd894091ff806a05309d60f105710,0.0,LOW,0.67,weighted_average,2,0.0,0.0,
feae7505ce535bb59da24a521f515b51c057b85fd521fca9f2adff59cc5bf492,0.07,LOW,1.0,weighted_average,3,0.1,0.1,0.0
e54f029e72dc651857a543719aa38017d66059620aadbd723b5085e675a220ff,0.03,LOW,1.0,weighted_average,3,0.0,0.0,0.1
a12a23df859774c08b6ebde72eb50f03deef83e87725245168dc30ece8f64ab3,0.0643,LOW,0.67,weighted_average,2,0.1,0.0,
797ebd7e16054d25ec5d3efce72545abaedaab14f281fc0ab397750ad41f95f1,0.0,LOW,0.33,weighted_average,1,,0.0,
e8a90879fdddb905719a1999807c014842d0f34e66e70c13673206940e56c0cb,0.92,CRITICAL,0.67,weighted_average,2,1.0,,0.8
597838079a7ff93e5daeb6f971851fc4261ea9329f6bae27a504e26150a9b37b,0.0,LOW,0.67,weighted_average,2,,0.0,0.0
a0420533f5ff5e30bad48bd73445722e4f519d0d446e16fcbd9ff526ae67745d,0.0,LOW,0.33,weighted_average,1,0.0,,
99e1aea6689fa13f0a46d365df5c39643fb5eebfe013f144b28008155d0b53d4,0.0,LOW,1.0,weighted_average,3,0.0,0.0,0.0
bb3f9f56cb52c1964a48b3dfffe8ae8a9dfc95b91b2ecd5ce5c7e0571fe7c4af,1.0,CRITICAL,0.33,weighted_average,1,1.0,,
15b19c3cf1591b22bd80f25d8b2c990b94d607bdf710b2f59aa7f7e4f710fe23,0.9643,CRITICAL,0.67,weighted_average,2,1.0,0.9,
109ea9bcc4addc4a0350d298138493af1f66d5f2c964cc879e5892e8d895dc1b,0.9643,CRITICAL,0.67,weighted_average,2,1.0,0.9,
d8e1808af230ae6de412a9ba5fcf6150fc95da1291949f1a85796aca55011758,0.0,LOW,0.67,weighted_average,2,0.0,,0.0
b33bdd051e3eff8e8cd44a3e6f3679e98a560f011cf8a0d6d2394500527932f2,0.0,LOW,0.67,weighted_average,2,0.0,0.0,
6a08a7ad76da480bb1aee704211f9965c68a1518e0b4b31e715b91caccdb2a44,0.0,LOW,0.67,weighted_average,2,0.0,,0.0
786cc18985d2213ceee6ea2564814f5e5cf87c94df6c96c5d55c38965d5220c9,0.0909,LOW,0.67,weighted_average,2,,0.2,0.0
22ed0cc9a640a90a0cf6daa79935b609b75af07cdf18cef55adf9bd033baa22b,0.92,CRITICAL,0.67,weighted_average,2,1.0,,0.8
43e7752e000bb3c79536f62df249b0e54c222a6ce0951a1c8a5c13a2d8ece2f8,0.0,LOW,0.67,weighted_average,2,0.0,0.0,
06159e12de7bd31a32b2127cdf26a0ec96d1f5a51ccb602ed42b2d4a27c02f43,0.5636,HIGH,0.67,weighted_average,2,,1.0,0.2
39bde9a2dd080f19c073483ede856ccccb6678ab89786b57d951f4a8a5a85768,0.025,LOW,1.0,weighted_average,3,0.0,0.1,0.0
ef737ff76668d4e6262440f2387b4e6541cf364df16f2c1be09ce1d3e999de4c,0.5091,HIGH,0.67,weighted_average,2,,1.0,0.1
18d870308fc2950803f4bea0b3eab91563aba051dce8445b6378da3164a8ab6b,0.03,LOW,1.0,weighted_average,3,0.0,0.0,0.1
e0474a1245edc6c243b881bb68945a411fe55b2ff6b0b09bffe7897d9f795a69,0.0,LOW,0.67,weighted_average,2,0.0,0.0,
79f8f4b642ad3c43dc8ea6f3de65d443b2900ba7506fd6e8f6491103ecb0ac88,0.0,LOW,0.33,weighted_average,1,0.0,,
4810a2e5aea5909bf2bb6bf7bb89b4d33bba248cbc8bd6beae15c22548974bd5,0.5,UNKNOWN,0.0,weighted_average,0,,,
5adf06e8de1d68ef72b6b3b00640537c78ff26758a885f2333caf47244b513b9,0.0,LOW,0.67,weighted_average,2,0.0,0.0,
a788124edbb731fa828b5a4b355d73969862e8963d3eed33aaf377664eb1932b,0.0357,LOW,0.67,weighted_average,2,0.0,0.1,
7989fcc78de103f9fcb426452643be195b71ee21751032a6bf8fb4e3c1ed2673,0.0,LOW,0.67,weighted_average,2,0.0,0.0,
f8727d19d337efb54f60432707b6f49b7a9d31500d483b15636ae67906d8cdc6,0.0,LOW,0.67,weighted_average,2,0.0,0.0,
1813d295e5a75ca67e01d026ab54a7dd41a5d219ee135c120b26dab6690d7341,1.0,CRITICAL,0.33,weighted_average,1,1.0,,
ed9a87fd77450c1c40f303429a4e9637269f452b1d84d60eb111152ddbe36172,0.4,MEDIUM,0.33,weighted_average,1,,,0.4
9f4e2eb667610ed96111c318368ca4908727f636bf5dcf4a8ad136a546296026,0.0,LOW,0.33,weighted_average,1,0.0,,
9f243efc884423d8b3365055e5566ee9ef883b3a64295604f733dd338d60bc5a,0.675,HIGH,1.0,weighted_average,3,1.0,0.9,0.0
49b548c3e81b509c201b892bd0f5adfebe22d779858ff7df4ad731f8cb6b589c,0.0,LOW,0.67,weighted_average,2,0.0,,0.0
6cc5a7aaea373061a7932b2ab22ce294fc628f860e184359d50ffd8c8d3d0d05,0.5,UNKNOWN,0.0,weighted_average,0,,,
d561aba612082e4462679469ba9a60743788f86b0f4f8e4d8cf66559dd566567,0.5,UNKNOWN,0.0,weighted_average,0,,,
9a951351b180f0deb0d11f344be30b649f85e1683f51a929bf05f55eb3ee3464,0.7929,CRITICAL,0.67,weighted_average,2,0.9,0.6000000000000001,
8de04fde5f5e29d1bf593ce450a3f6252016c1c53ccb501a38b951738b6af49b,1.0,CRITICAL,0.67,weighted_average,2,1.0,1.0,
4069f0a7f325890c5ff4c1a6aada8824e4fa918403756d269652b1596ce33536,0.0,LOW,0.33,weighted_average,1,,,0.0
6b1ddedc0f34c531d66ff082753ae332ae0c075776740e516e9b69286299dd56,0.0,LOW,0.67,weighted_average,2,,0.0,0.0
359f68fdda309fd354ea61dec08063b88a39a1b250911295d2a4f6c1d5c25c7e,0.0,LOW,0.67,weighted_average,2,0.0,0.0,
41b9e55dd4ce9b440018f761b14ef286a63fc8a35aaf2aaabc6a6ed85a998266,0.0,LOW,1.0,weighted_average,3,0.0,0.0,0.0
ddfdbee4ff47640db1e5df481393becb5517f3a317f6726d3ca8e056356e800c,0.3636,MEDIUM,0.67,weighted_average,2,,0.8,0.0
017474616ce04acfe63f48e430da4a3b3192f0c147b374a1be11c25824f51bc1,0.0,LOW,0.33,weighted_average,1,0.0,,
c45dab0ada58dc79bae8d147a18765a15edd7108e7bffc49c52c7b7b0ac859af,0.0,LOW,0.67,weighted_average,2,0.0,0.0,
868f17788010f3e5a04ef638edaf231ebcf22e60fc78872785fa1b3369dcc854,0.0,LOW,1.0,weighted_average,3,0.0,0.0,0.0
51b9540609566b94b06edc40e3f7310338912603fa19ba5fa13fe9b57182e774,0.9643,CRITICAL,0.67,weighted_average,2,1.0,0.9,
b5667596f5659031e6384290dafbe8167b2c36f87393617110af4d78d9d6ff60,0.0,LOW,0.67,weighted_average,2,0.0,,0.0
1f4e758c8ed8b6eb2deb8fbacfdde077ed288152e642a8e519d2b0b7290c7173,0.0,LOW,0.67,weighted_average,2,0.0,,0.0
cf1ba53cd5f1e3bf8c43a860016e68158078daef5be5719232c66acd6cb0d6f5,0.0357,LOW,0.67,weighted_average,2,0.0,0.1,
b2f155444ed4ffbffd1bfc0889f7f54b302cb036719a2f0547aee486b8a2088a,0.0,LOW,0.33,weighted_average,1,0.0,,
f011048ffbd3719c092a9ef8555bdabbf2054f3de231f5a29c93a8cbe7d5bde7,0.0,LOW,0.67,weighted_average,2,0.0,0.0,
135aa8d56899ca6764178e17981875ef08c361ecbbfbf90d99f23dd7fd0d3b46,0.0,LOW,0.33,weighted_average,1,0.0,,
2be782cadfb04d9ea1e7bdd52be283cd1d931f053b43931a0486e10d6b8b195b,0.03,LOW,1.0,weighted_average,3,0.0,0.0,0.1
c3f38bf29810cf7a37bdc250e791b143fbf29097859774fa7e1f44cff61a9972,0.0,LOW,0.67,weighted_average,2,0.0,0.0,
e8ea4a933dc47e9883b9a4205ca560340bc99479778fea99118d94eccdd3e0c3,0.9,CRITICAL,0.33,weighted_average,1,0.9,,
378b78eefb5e9371a0a1aedbe6f31d31833d445e8c9549cddaaf0d68b86608a1,0.0,LOW,0.33,weighted_average,1,0.0,,
4c06360c65d824162034c69a8359e4fcdbc72cd9223b240f83210be1d59a3da3,0.88,CRITICAL,1.0,weighted_average,3,0.8,1.0,0.9
fb5ac14924bb1561cd080489a02b8c2f27e932defbe356c7f087ab2b71b13c2d,0.0,LOW,1.0,weighted_average,3,0.0,0.0,0.0
5b15c752b726e0a81048b98b48489d6d116e915a10bec827a1643555b7a379d9,0.0,LOW,0.67,weighted_average,2,,0.0,0.0
7bac69bf96b07186aa0cadafd095568a0b4491b451b8bd1ad81f7c31c2062c81,0.06,LOW,0.67,weighted_average,2,0.1,,0.0
9c717c180fc379068fe31d0df1c10b16a0c9d5eaaf4c1c00d962b60e57ccf86b,0.0,LOW,0.33,weighted_average,1,,0.0,
4996f19617192f7f3c8d057876d20831b5a26230096ca27879d1de921c1acbba,0.54,HIGH,0.67,weighted_average,2,0.9,,0.0
211ab044ca1dd507279fead5ba64dcc1b7f35397359f45d127c95389df3141e9,0.05,LOW,1.0,weighted_average,3,0.0,0.2,0.0
e3e9717e2a1ecde79e2be50f5dd6ff96ff77f823da8b4619a8e68dc23d9075ad,0.1364,LOW,0.67,weighted_average,2,,0.30000000000000004,0.0
6aed1748862b528425e3531e573e3e9a82d867c14d81d0d7c9c6e4824c091644,0.0,LOW,0.67,weighted_average,2,0.0,0.0,
0ceb1edb0ba59b5b2bc3be715a1674bec91891df832857329e9fe0a11cadb088,0.03,LOW,1.0,weighted_average,3,0.0,0.0,0.1
880be7a651ce5ffaa063f97130ae785f89de3da50119f7903915afdcef9d2dc7,0.03,LOW,1.0,weighted_average,3,0.0,0.0,0.1
d15161b1cc25fd7d98cbbaa64e001150a3326f38a6fa5af5375b3816f945f784,0.1,LOW,0.33,weighted_average,1,,,0.1
137aa2cbc0ffdc5461998d548220f83a554a49187d846232449fed55cf6e028c,0.0,LOW,0.67,weighted_average,2,0.0,,0.0
9a91bcb6ecec36f5f89a4f3b2c5b674d2346946aab8f8bbaba4fa6c45d0b1c81,0.025,LOW,1.0,weighted_average,3,0.0,0.1,0.0
b72b212244b5085388a67a28e0a8b85981b2ab1dd9fa9a081a35c740fb1cebc5,0.18,LOW,1.0,weighted_average,3,0.4,0.0,0.0
c80693043f922eb1f188b4d0ff9982a80ed23096a93d1f4198715ac5171a9c52,0.675,HIGH,1.0,weighted_average,3,1.0,0.9,0.0
f37d649d109f72ac8e990cdd6c76c1e02016f1a8aa472d990a6f6e0956681ef6,0.1786,LOW,0.67,weighted_average,2,0.0,0.5,
fb68442512bdc8e512c82a2513d35c0add572326cf25aa4ae0b76dac71aadc89,0.0,LOW,0.33,weighted_average,1,0.0,,
b5c3c4f9ee5c28e201608daad674147cabfcc469c3a4f721cf41fc11ef173640,0.0,LOW,0.67,weighted_average,2,0.0,0.0,
7762d84bc9e0233175baac22203ca7249e09b1361bb7043c763cae09e5e0816d,1.0,CRITICAL,0.67,weighted_average,2,,1.0,1.0
ecc92dc13623a6869255eee2bc575f7fdbfc276408330304f2a91b0e08bf2e2b,0.0,LOW,0.33,weighted_average,1,,0.0,
5267500f5c8ea934f58afe3b2bac7711002cab4b15e551714bfde42b2ae77fab,0.1,LOW,0.67,weighted_average,2,,0.1,0.1
7e62b6ac5e63583641d531dfd6b71e879125137b278765559341912daa4684c9,0.0,LOW,0.67,weighted_average,2,0.0,,0.0
adb2aa2fe5241fda34cbddd056835b910a837bdcb884bf379fa9e0d4161c241d,0.9,CRITICAL,0.33,weighted_average,1,,,0.9
51bae07f710a88c989fdf59448048f99a8bd704f8e3e48a5944b598154c802d3,0.0,LOW,0.33,weighted_average,1,0.0,,
